<?xml version="1.0" encoding="utf-8"?>
<System>
  <P Name="Location">[657, -1375, 2703, -244]</P>
  <P Name="SystemRect">[0.000000, 0.000000, 0.000000, 0.000000]</P>
  <P Name="SetExecutionDomain">off</P>
  <P Name="ExecutionDomainType">Deduce</P>
  <P Name="PaperType">A4</P>
  <P Name="PaperUnits">centimeters</P>
  <P Name="TiledPaperMargins">[1.270000, 1.270000, 1.270000, 1.270000]</P>
  <P Name="ZoomFactor">160</P>
  <P Name="SimulinkSubDomain">Simulink</P>
  <Block BlockType="Inport" Name="Speed" SID="562">
    <P Name="Position">[420, 118, 450, 132]</P>
    <P Name="ZOrder">-2</P>
    <P Name="BlockMirror">on</P>
  </Block>
  <Block BlockType="Product" Name="-&gt; kWh/mil" SID="563">
    <P Name="Ports">[2, 1]</P>
    <P Name="Position">[205, 90, 225, 125]</P>
    <P Name="ZOrder">-3</P>
    <P Name="BlockMirror">on</P>
    <P Name="NameLocation">top</P>
    <P Name="Inputs">*/</P>
    <P Name="InputSameDT">on</P>
    <P Name="OutDataTypeStr">Inherit: Same as first input</P>
    <P Name="SaturateOnIntegerOverflow">on</P>
  </Block>
  <Block BlockType="Sum" Name="Add" SID="565">
    <P Name="Ports">[2, 1]</P>
    <P Name="Position">[585, 82, 615, 113]</P>
    <P Name="ZOrder">20</P>
    <P Name="BlockMirror">on</P>
    <P Name="NameLocation">top</P>
    <P Name="IconShape">rectangular</P>
    <P Name="Inputs">+-</P>
  </Block>
  <Block BlockType="From" Name="From" SID="567">
    <P Name="Position">[680, 111, 770, 139]</P>
    <P Name="ZOrder">19</P>
    <P Name="BlockMirror">on</P>
    <P Name="NameLocation">top</P>
    <P Name="GotoTag">SOC</P>
    <P Name="TagVisibility">global</P>
  </Block>
  <Block BlockType="Gain" Name="Gain3" SID="569">
    <P Name="Position">[470, 84, 560, 116]</P>
    <P Name="ZOrder">24</P>
    <P Name="BlockMirror">on</P>
    <P Name="NameLocation">top</P>
    <P Name="ShowName">off</P>
    <P Name="Gain">Wbatt/100</P>
    <P Name="ParamDataTypeStr">Inherit: Same as input</P>
    <P Name="OutDataTypeStr">Inherit: Same as input</P>
    <P Name="SaturateOnIntegerOverflow">on</P>
  </Block>
  <Block BlockType="Constant" Name="SOC*" SID="570">
    <P Name="Position">[680, 48, 825, 82]</P>
    <P Name="ZOrder">18</P>
    <P Name="BlockMirror">on</P>
    <P Name="NameLocation">top</P>
    <P Name="Value">SOC_batt_start_value</P>
  </Block>
  <Block BlockType="Saturate" Name="Saturation1" SID="571">
    <P Name="Position">[155, 95, 185, 125]</P>
    <P Name="ZOrder">-13</P>
    <P Name="BlockMirror">on</P>
    <P Name="UpperLimit">inf</P>
    <P Name="LowerLimit">eps</P>
  </Block>
  <Block BlockType="ToWorkspace" Name="To Workspace" SID="572">
    <P Name="Ports">[1]</P>
    <P Name="Position">[20, 200, 80, 230]</P>
    <P Name="ZOrder">-14</P>
    <P Name="BlockMirror">on</P>
    <P Name="NameLocation">top</P>
    <P Name="VariableName">EC</P>
    <P Name="MaxDataPoints">inf</P>
    <P Name="SampleTime">-1</P>
  </Block>
  <Block BlockType="ToWorkspace" Name="To Workspace1" SID="573">
    <P Name="Ports">[1]</P>
    <P Name="Position">[20, 260, 80, 290]</P>
    <P Name="ZOrder">2</P>
    <P Name="BlockMirror">on</P>
    <P Name="NameLocation">top</P>
    <P Name="VariableName">DIST</P>
    <P Name="MaxDataPoints">inf</P>
    <P Name="SampleTime">-1</P>
  </Block>
  <Block BlockType="Gain" Name="Ws -&gt; kWh" SID="574">
    <P Name="Position">[270, 91, 295, 109]</P>
    <P Name="ZOrder">-15</P>
    <P Name="BlockMirror">on</P>
    <P Name="NameLocation">top</P>
    <P Name="Gain">1/3.6e6</P>
    <P Name="ParamDataTypeStr">Inherit: Same as input</P>
    <P Name="OutDataTypeStr">Inherit: Same as input</P>
    <P Name="SaturateOnIntegerOverflow">on</P>
  </Block>
  <Block BlockType="Gain" Name="meter -&gt; mil" SID="575">
    <P Name="Position">[270, 116, 295, 134]</P>
    <P Name="ZOrder">-17</P>
    <P Name="BlockMirror">on</P>
    <P Name="Gain">1/10000</P>
    <P Name="ParamDataTypeStr">Inherit: Same as input</P>
    <P Name="OutDataTypeStr">Inherit: Same as input</P>
    <P Name="SaturateOnIntegerOverflow">on</P>
  </Block>
  <Block BlockType="Integrator" Name="v-&gt;s" SID="576">
    <P Name="Ports">[1, 1]</P>
    <P Name="Position">[335, 115, 365, 135]</P>
    <P Name="ZOrder">-18</P>
    <P Name="BlockMirror">on</P>
    <P Name="NameLocation">top</P>
    <P Name="InitialCondition">100</P>
    <P Name="LimitOutput">on</P>
    <P Name="LowerSaturationLimit">100</P>
  </Block>
  <Block BlockType="Outport" Name="EC [kWhmil]" SID="577">
    <P Name="Position">[20, 105, 50, 115]</P>
    <P Name="ZOrder">-19</P>
    <P Name="BlockMirror">on</P>
    <P Name="NameLocation">top</P>
    <P Name="VectorParamsAs1DForOutWhenUnconnected">off</P>
  </Block>
  <Block BlockType="Outport" Name="Dist (mil)" SID="578">
    <P Name="Position">[20, 160, 50, 170]</P>
    <P Name="ZOrder">-20</P>
    <P Name="BlockMirror">on</P>
    <P Name="NameLocation">top</P>
    <P Name="Port">2</P>
    <P Name="VectorParamsAs1DForOutWhenUnconnected">off</P>
  </Block>
  <Line>
    <P Name="ZOrder">1</P>
    <P Name="Src">574#out:1</P>
    <P Name="Dst">563#in:1</P>
  </Line>
  <Line>
    <P Name="ZOrder">2</P>
    <P Name="Src">576#out:1</P>
    <P Name="Dst">575#in:1</P>
  </Line>
  <Line>
    <P Name="ZOrder">3</P>
    <P Name="Src">563#out:1</P>
    <P Name="Dst">571#in:1</P>
  </Line>
  <Line>
    <P Name="ZOrder">4</P>
    <P Name="Src">562#out:1</P>
    <P Name="Dst">576#in:1</P>
  </Line>
  <Line>
    <P Name="ZOrder">5</P>
    <P Name="Src">571#out:1</P>
    <P Name="Points">[-31, 0]</P>
    <Branch>
      <P Name="ZOrder">6</P>
      <P Name="Dst">577#in:1</P>
    </Branch>
    <Branch>
      <P Name="ZOrder">7</P>
      <P Name="Points">[0, 105]</P>
      <P Name="Dst">572#in:1</P>
    </Branch>
  </Line>
  <Line>
    <P Name="ZOrder">8</P>
    <P Name="Src">575#out:1</P>
    <P Name="Points">[0, -10; -15, 0]</P>
    <Branch>
      <P Name="ZOrder">9</P>
      <P Name="Dst">563#in:2</P>
    </Branch>
    <Branch>
      <P Name="ZOrder">10</P>
      <P Name="Points">[0, 50; -75, 0]</P>
      <Branch>
        <P Name="ZOrder">11</P>
        <P Name="Points">[0, 110]</P>
        <P Name="Dst">573#in:1</P>
      </Branch>
      <Branch>
        <P Name="ZOrder">12</P>
        <P Name="Dst">578#in:1</P>
      </Branch>
    </Branch>
  </Line>
  <Line>
    <P Name="ZOrder">13</P>
    <P Name="Src">570#out:1</P>
    <P Name="Points">[-27, 0; 0, 25]</P>
    <P Name="Dst">565#in:1</P>
  </Line>
  <Line>
    <P Name="ZOrder">14</P>
    <P Name="Src">567#out:1</P>
    <P Name="Points">[-27, 0; 0, -20]</P>
    <P Name="Dst">565#in:2</P>
  </Line>
  <Line>
    <P Name="ZOrder">15</P>
    <P Name="Src">565#out:1</P>
    <P Name="Dst">569#in:1</P>
  </Line>
  <Line>
    <P Name="ZOrder">16</P>
    <P Name="Src">569#out:1</P>
    <P Name="Dst">574#in:1</P>
  </Line>
</System>
