<?xml version="1.0" encoding="utf-8"?>
<System>
  <P Name="Location">[8, 8, 1558, 846]</P>
  <P Name="SystemRect">[0.000000, 0.000000, 0.000000, 0.000000]</P>
  <P Name="SetExecutionDomain">off</P>
  <P Name="ExecutionDomainType">Deduce</P>
  <P Name="PaperType">A4</P>
  <P Name="PaperUnits">centimeters</P>
  <P Name="TiledPaperMargins">[0.500000, 0.500000, 0.500000, 0.500000]</P>
  <P Name="ZoomFactor">80</P>
  <P Name="SimulinkSubDomain">Simulink</P>
  <Block BlockType="Scope" Name="Cycle1" SID="599">
    <P Name="Ports">[5]</P>
    <P Name="Position">[780, 72, 815, 208]</P>
    <P Name="ZOrder">2</P>
    <P Name="ScopeSpecificationString">Simulink.scopes.TimeScopeBlockCfg(&apos;CurrentConfiguration&apos;, extmgr.ConfigurationSet(extmgr.Configuration(&apos;Core&apos;,&apos;General UI&apos;,true),extmgr.Configuration(&apos;Core&apos;,&apos;Source UI&apos;,true),extmgr.Configuration(&apos;Sources&apos;,&apos;WiredSimulink&apos;,true,&apos;DataLoggingVariableName&apos;,&apos;ScopeData2&apos;,&apos;DataLoggingSaveFormat&apos;,&apos;StructureWithTime&apos;,&apos;DataLoggingDecimation&apos;,&apos;1&apos;,&apos;DataLoggingDecimateData&apos;,true),extmgr.Configuration(&apos;Visuals&apos;,&apos;Time Domain&apos;,true,&apos;SerializedDisplays&apos;,{struct(&apos;MinYLimReal&apos;,&apos;-16.4125&apos;,&apos;MaxYLimReal&apos;,&apos;147.7125&apos;,&apos;YLabelReal&apos;,&apos;&apos;,&apos;MinYLimMag&apos;,&apos;0.00000&apos;,&apos;MaxYLimMag&apos;,&apos;147.7125&apos;,&apos;LegendVisibility&apos;,&apos;Off&apos;,&apos;XGrid&apos;,true,&apos;YGrid&apos;,true,&apos;PlotMagPhase&apos;,false,&apos;AxesColor&apos;,[0 0 0],&apos;AxesTickColor&apos;,[0.686274509803922 0.686274509803922 0.686274509803922],&apos;ColorOrder&apos;,[1 1 0.0666666666666667;0.0745098039215686 0.623529411764706 1;1 0.411764705882353 0.16078431372549;0.392156862745098 0.831372549019608 0.0745098039215686;0.717647058823529 0.274509803921569 1;0.0588235294117647 1 1;1 0.0745098039215686 0.650980392156863],&apos;Title&apos;,&apos;Speed reference [km/h]&apos;,&apos;LinePropertiesCache&apos;,{{}},&apos;UserDefinedChannelNames&apos;,{{}},&apos;NumLines&apos;,1,&apos;LineNames&apos;,{{&apos;Gain2&apos;}},&apos;ShowContent&apos;,true,&apos;Placement&apos;,1),struct(&apos;MinYLimReal&apos;,&apos;-2.9078&apos;,&apos;MaxYLimReal&apos;,&apos;26.17019&apos;,&apos;YLabelReal&apos;,&apos;&apos;,&apos;MinYLimMag&apos;,&apos;0&apos;,&apos;MaxYLimMag&apos;,&apos;10&apos;,&apos;LegendVisibility&apos;,&apos;off&apos;,&apos;XGrid&apos;,true,&apos;YGrid&apos;,true,&apos;PlotMagPhase&apos;,false,&apos;AxesColor&apos;,[0 0 0],&apos;AxesTickColor&apos;,[0.686274509803922 0.686274509803922 0.686274509803922],&apos;ColorOrder&apos;,[1 1 0.0666666666666667;0.0745098039215686 0.623529411764706 1;1 0.411764705882353 0.16078431372549;0.392156862745098 0.831372549019608 0.0745098039215686;0.717647058823529 0.274509803921569 1;0.0588235294117647 1 1;1 0.0745098039215686 0.650980392156863],&apos;Title&apos;,&apos;Position [km]&apos;,&apos;LinePropertiesCache&apos;,{{}},&apos;UserDefinedChannelNames&apos;,{{}},&apos;NumLines&apos;,1,&apos;LineNames&apos;,{{&apos;Gain1&apos;}},&apos;ShowContent&apos;,true,&apos;Placement&apos;,2),struct(&apos;MinYLimReal&apos;,&apos;-1.00000&apos;,&apos;MaxYLimReal&apos;,&apos;1.00000&apos;,&apos;YLabelReal&apos;,&apos;&apos;,&apos;MinYLimMag&apos;,&apos;0&apos;,&apos;MaxYLimMag&apos;,&apos;10&apos;,&apos;LegendVisibility&apos;,&apos;off&apos;,&apos;XGrid&apos;,true,&apos;YGrid&apos;,true,&apos;PlotMagPhase&apos;,false,&apos;AxesColor&apos;,[0 0 0],&apos;AxesTickColor&apos;,[0.686274509803922 0.686274509803922 0.686274509803922],&apos;ColorOrder&apos;,[1 1 0.0666666666666667;0.0745098039215686 0.623529411764706 1;1 0.411764705882353 0.16078431372549;0.392156862745098 0.831372549019608 0.0745098039215686;0.717647058823529 0.274509803921569 1;0.0588235294117647 1 1;1 0.0745098039215686 0.650980392156863],&apos;Title&apos;,&apos;Altitude [m]&apos;,&apos;LinePropertiesCache&apos;,{{}},&apos;UserDefinedChannelNames&apos;,{{}},&apos;NumLines&apos;,1,&apos;LineNames&apos;,{{&apos;Product&apos;}},&apos;ShowContent&apos;,true,&apos;Placement&apos;,3),struct(&apos;MinYLimReal&apos;,&apos;-1.00000&apos;,&apos;MaxYLimReal&apos;,&apos;1.00000&apos;,&apos;YLabelReal&apos;,&apos;&apos;,&apos;MinYLimMag&apos;,&apos;0&apos;,&apos;MaxYLimMag&apos;,&apos;10&apos;,&apos;LegendVisibility&apos;,&apos;off&apos;,&apos;XGrid&apos;,true,&apos;YGrid&apos;,true,&apos;PlotMagPhase&apos;,false,&apos;AxesColor&apos;,[0 0 0],&apos;AxesTickColor&apos;,[0.686274509803922 0.686274509803922 0.686274509803922],&apos;ColorOrder&apos;,[1 1 0.0666666666666667;0.0745098039215686 0.623529411764706 1;1 0.411764705882353 0.16078431372549;0.392156862745098 0.831372549019608 0.0745098039215686;0.717647058823529 0.274509803921569 1;0.0588235294117647 1 1;1 0.0745098039215686 0.650980392156863],&apos;Title&apos;,&apos;Slope [rad]&apos;,&apos;LinePropertiesCache&apos;,{{}},&apos;UserDefinedChannelNames&apos;,{{}},&apos;NumLines&apos;,1,&apos;LineNames&apos;,{{&apos;Product1&apos;}},&apos;ShowContent&apos;,true,&apos;Placement&apos;,4),struct(&apos;MinYLimReal&apos;,&apos;-1.00000&apos;,&apos;MaxYLimReal&apos;,&apos;1.00000&apos;,&apos;YLabelReal&apos;,&apos;&apos;,&apos;MinYLimMag&apos;,&apos;0&apos;,&apos;MaxYLimMag&apos;,&apos;10&apos;,&apos;LegendVisibility&apos;,&apos;off&apos;,&apos;XGrid&apos;,true,&apos;YGrid&apos;,true,&apos;PlotMagPhase&apos;,false,&apos;AxesColor&apos;,[0 0 0],&apos;AxesTickColor&apos;,[0.686274509803922 0.686274509803922 0.686274509803922],&apos;ColorOrder&apos;,[1 1 0.0666666666666667;0.0745098039215686 0.623529411764706 1;1 0.411764705882353 0.16078431372549;0.392156862745098 0.831372549019608 0.0745098039215686;0.717647058823529 0.274509803921569 1;0.0588235294117647 1 1;1 0.0745098039215686 0.650980392156863],&apos;Title&apos;,&apos;External Slide In Charging available&apos;,&apos;LinePropertiesCache&apos;,{{}},&apos;UserDefinedChannelNames&apos;,{{}},&apos;NumLines&apos;,1,&apos;LineNames&apos;,{{&apos;Demux/5&apos;}},&apos;ShowContent&apos;,true,&apos;Placement&apos;,5)},&apos;DisplayPropertyDefaults&apos;,struct(&apos;YLabelReal&apos;,&apos;&apos;,&apos;AxesColor&apos;,[0 0 0],&apos;AxesTickColor&apos;,[0.686274509803922 0.686274509803922 0.686274509803922],&apos;ColorOrder&apos;,[1 1 0.0666666666666667;0.0745098039215686 0.623529411764706 1;1 0.411764705882353 0.16078431372549;0.392156862745098 0.831372549019608 0.0745098039215686;0.717647058823529 0.274509803921569 1;0.0588235294117647 1 1;1 0.0745098039215686 0.650980392156863],&apos;Title&apos;,&apos;Speed reference [km/h]&apos;,&apos;LinePropertiesCache&apos;,{{}},&apos;UserDefinedChannelNames&apos;,{{}},&apos;NumLines&apos;,0,&apos;LineNames&apos;,{{[]}},&apos;ShowContent&apos;,true,&apos;Placement&apos;,1),&apos;DisplayLayoutDimensions&apos;,[5 1],&apos;TimeRangeSamples&apos;,&apos;endtime&apos;,&apos;TimeRangeFrames&apos;,&apos;endtime&apos;),extmgr.Configuration(&apos;Tools&apos;,&apos;Plot Navigation&apos;,true,&apos;OnceAtStop&apos;,false,&apos;PreviousAutoscale&apos;,&apos;XY&apos;),extmgr.Configuration(&apos;Tools&apos;,&apos;Measurements&apos;,true,&apos;Version&apos;,&apos;2021a&apos;)),&apos;Version&apos;,&apos;2021a&apos;,&apos;Location&apos;,[-1583.8 -239.4 -847 423.8])</P>
    <P Name="NumInputPorts">5</P>
    <P Name="Floating">off</P>
  </Block>
  <Block BlockType="Demux" Name="Demux" SID="430">
    <P Name="Ports">[1, 5]</P>
    <P Name="Position">[150, 50, 165, 200]</P>
    <P Name="ZOrder">-2</P>
    <P Name="BackgroundColor">black</P>
    <P Name="ShowName">off</P>
    <P Name="Outputs">5</P>
  </Block>
  <Block BlockType="Constant" Name="Flat" SID="431">
    <P Name="Position">[35, 245, 65, 275]</P>
    <P Name="ZOrder">-3</P>
    <P Name="Value">0</P>
  </Block>
  <Block BlockType="Gain" Name="Gain1" SID="432">
    <P Name="Position">[500, 75, 530, 105]</P>
    <P Name="ZOrder">-4</P>
    <P Name="Gain">1/1000</P>
    <P Name="ParamDataTypeStr">Inherit: Same as input</P>
    <P Name="OutDataTypeStr">Inherit: Same as input</P>
    <P Name="SaturateOnIntegerOverflow">on</P>
  </Block>
  <Block BlockType="Gain" Name="Gain2" SID="433">
    <P Name="Position">[500, 15, 530, 45]</P>
    <P Name="ZOrder">-5</P>
    <P Name="Gain">3.6</P>
    <P Name="ParamDataTypeStr">Inherit: Same as input</P>
    <P Name="OutDataTypeStr">Inherit: Same as input</P>
    <P Name="SaturateOnIntegerOverflow">on</P>
  </Block>
  <Block BlockType="Goto" Name="Goto" SID="434">
    <P Name="Position">[480, 235, 540, 265]</P>
    <P Name="ZOrder">-6</P>
    <P Name="GotoTag">Slope</P>
    <P Name="IconDisplay">Tag and signal name</P>
    <P Name="TagVisibility">global</P>
  </Block>
  <Block BlockType="Goto" Name="Goto1" SID="435">
    <P Name="Position">[470, 150, 530, 180]</P>
    <P Name="ZOrder">-7</P>
    <P Name="GotoTag">Altitude</P>
    <P Name="IconDisplay">Tag and signal name</P>
    <P Name="TagVisibility">global</P>
  </Block>
  <Block BlockType="Goto" Name="Goto2" SID="436">
    <P Name="Position">[510, 334, 605, 366]</P>
    <P Name="ZOrder">-8</P>
    <P Name="GotoTag">SlideInAvailable</P>
    <P Name="IconDisplay">Tag and signal name</P>
    <P Name="TagVisibility">global</P>
  </Block>
  <Block BlockType="ManualSwitch" Name="Manual Switch" SID="437">
    <P Name="Position">[125, 207, 155, 243]</P>
    <P Name="ZOrder">-9</P>
  </Block>
  <Block BlockType="Product" Name="Product" SID="603">
    <P Name="Ports">[2, 1]</P>
    <P Name="Position">[350, 117, 380, 148]</P>
    <P Name="ZOrder">6</P>
  </Block>
  <Block BlockType="Product" Name="Product1" SID="604">
    <P Name="Ports">[2, 1]</P>
    <P Name="Position">[345, 182, 375, 213]</P>
    <P Name="ZOrder">7</P>
  </Block>
  <Block BlockType="Constant" Name="Variation" SID="440">
    <P Name="Position">[35, 200, 65, 230]</P>
    <P Name="ZOrder">-12</P>
  </Block>
  <Block BlockType="FromWorkspace" Name="v-buss2" SID="441">
    <P Name="Position">[20, 114, 105, 136]</P>
    <P Name="ZOrder">-13</P>
    <P Name="ShowName">off</P>
    <P Name="VariableName">cycle</P>
    <P Name="SampleTime">.2</P>
    <P Name="ZeroCross">off</P>
  </Block>
  <Block BlockType="Outport" Name="Speed ref" SID="442">
    <P Name="Position">[575, 48, 605, 62]</P>
    <P Name="ZOrder">-14</P>
    <P Name="VectorParamsAs1DForOutWhenUnconnected">off</P>
  </Block>
  <Line>
    <P Name="ZOrder">1</P>
    <P Name="Src">441#out:1</P>
    <P Name="Dst">430#in:1</P>
  </Line>
  <Line>
    <P Name="ZOrder">7</P>
    <P Name="Src">430#out:2</P>
    <P Name="Points">[0, -5]</P>
    <P Name="Dst">432#in:1</P>
  </Line>
  <Line>
    <P Name="ZOrder">8</P>
    <P Name="Src">431#out:1</P>
    <P Name="Points">[20, 0; 0, -25]</P>
    <P Name="Dst">437#in:2</P>
  </Line>
  <Line>
    <P Name="ZOrder">57</P>
    <P Name="Src">603#out:1</P>
    <P Name="Points">[65, 0]</P>
    <Branch>
      <P Name="ZOrder">69</P>
      <P Name="Points">[0, -68; 296, 0; 0, 73]</P>
      <P Name="Dst">599#in:3</P>
    </Branch>
    <Branch>
      <P Name="ZOrder">15</P>
      <P Name="Points">[0, 30]</P>
      <P Name="Dst">435#in:1</P>
    </Branch>
  </Line>
  <Line>
    <P Name="ZOrder">66</P>
    <P Name="Src">604#out:1</P>
    <P Name="Points">[75, 0]</P>
    <Branch>
      <P Name="ZOrder">33</P>
      <P Name="Points">[226, 0; 0, -35]</P>
      <P Name="Dst">599#in:4</P>
    </Branch>
    <Branch>
      <P Name="ZOrder">18</P>
      <P Name="Points">[0, 50]</P>
      <P Name="Dst">434#in:1</P>
    </Branch>
  </Line>
  <Line>
    <P Name="ZOrder">19</P>
    <P Name="Src">440#out:1</P>
    <P Name="Dst">437#in:1</P>
  </Line>
  <Line>
    <P Name="ZOrder">20</P>
    <P Name="Src">437#out:1</P>
    <P Name="Points">[12, 0; 0, -20; 124, 0]</P>
    <Branch>
      <P Name="ZOrder">67</P>
      <P Name="Points">[0, -65]</P>
      <P Name="Dst">603#in:2</P>
    </Branch>
    <Branch>
      <P Name="ZOrder">62</P>
      <P Name="Dst">604#in:2</P>
    </Branch>
  </Line>
  <Line>
    <P Name="ZOrder">31</P>
    <P Name="Src">432#out:1</P>
    <P Name="Points">[204, 0; 0, 25]</P>
    <P Name="Dst">599#in:2</P>
  </Line>
  <Line>
    <P Name="ZOrder">30</P>
    <P Name="Src">433#out:1</P>
    <P Name="Points">[218, 0; 0, 60]</P>
    <P Name="Dst">599#in:1</P>
  </Line>
  <Line>
    <P Name="ZOrder">25</P>
    <P Name="Src">430#out:5</P>
    <P Name="Points">[40, 0; 0, 115; 265, 0]</P>
    <Branch>
      <P Name="ZOrder">34</P>
      <P Name="Points">[256, 0; 0, -110]</P>
      <P Name="Dst">599#in:5</P>
    </Branch>
    <Branch>
      <P Name="ZOrder">27</P>
      <P Name="Points">[0, 50]</P>
      <P Name="Dst">436#in:1</P>
    </Branch>
  </Line>
  <Line>
    <P Name="ZOrder">58</P>
    <P Name="Src">430#out:3</P>
    <P Name="Dst">603#in:1</P>
  </Line>
  <Line>
    <P Name="ZOrder">64</P>
    <P Name="Src">430#out:4</P>
    <P Name="Points">[143, 0; 0, 35]</P>
    <P Name="Dst">604#in:1</P>
  </Line>
  <Line>
    <P Name="ZOrder">90</P>
    <P Name="Src">430#out:1</P>
    <P Name="Points">[0, -5; 35, 0; 0, -30; 235, 0]</P>
    <Branch>
      <P Name="ZOrder">88</P>
      <P Name="Points">[0, 25]</P>
      <P Name="Dst">442#in:1</P>
    </Branch>
    <Branch>
      <P Name="ZOrder">87</P>
      <P Name="Dst">433#in:1</P>
    </Branch>
  </Line>
</System>
