<?xml version="1.0" encoding="utf-8"?>
<System>
  <P Name="Location">[1926, -739, 3516, 185]</P>
  <P Name="SystemRect">[0.000000, 0.000000, 0.000000, 0.000000]</P>
  <P Name="SetExecutionDomain">off</P>
  <P Name="ExecutionDomainType">Deduce</P>
  <P Name="PaperType">A4</P>
  <P Name="PaperUnits">centimeters</P>
  <P Name="TiledPaperMargins">[1.270000, 1.270000, 1.270000, 1.270000]</P>
  <P Name="ZoomFactor">121</P>
  <P Name="SimulinkSubDomain">Simulink</P>
  <Block BlockType="Inport" Name="In" SID="584">
    <P Name="Position">[0, 38, 30, 52]</P>
    <P Name="ZOrder">-1</P>
  </Block>
  <Block BlockType="TransportDelay" Name="1 minute" SID="612">
    <P Name="Ports">[1, 1]</P>
    <P Name="Position">[245, 235, 275, 265]</P>
    <P Name="ZOrder">8</P>
    <P Name="DelayTime">60</P>
  </Block>
  <Block BlockType="Saturate" Name="10" SID="609">
    <P Name="Position">[360, 415, 390, 445]</P>
    <P Name="ZOrder">7</P>
    <P Name="UpperLimit">10</P>
    <P Name="LowerLimit">0</P>
  </Block>
  <Block BlockType="TransportDelay" Name="10 seconds" SID="615">
    <P Name="Ports">[1, 1]</P>
    <P Name="Position">[245, 370, 275, 400]</P>
    <P Name="ZOrder">11</P>
    <P Name="DelayTime">10</P>
  </Block>
  <Block BlockType="Saturate" Name="1800" SID="619">
    <P Name="Position">[360, 150, 390, 180]</P>
    <P Name="ZOrder">17</P>
    <P Name="UpperLimit">1800</P>
    <P Name="LowerLimit">0</P>
  </Block>
  <Block BlockType="TransportDelay" Name="30 minutes" SID="605">
    <P Name="Ports">[1, 1]</P>
    <P Name="Position">[245, 95, 275, 125]</P>
    <P Name="ZOrder">3</P>
    <P Name="DelayTime">1800</P>
    <P Name="BufferSize">18432</P>
  </Block>
  <Block BlockType="Saturate" Name="60" SID="618">
    <P Name="Position">[360, 290, 390, 320]</P>
    <P Name="ZOrder">16</P>
    <P Name="UpperLimit">60</P>
    <P Name="LowerLimit">0</P>
  </Block>
  <Block BlockType="Abs" Name="Abs" SID="593">
    <P Name="Position">[90, 30, 120, 60]</P>
    <P Name="ZOrder">1</P>
    <P Name="SaturateOnIntegerOverflow">off</P>
  </Block>
  <Block BlockType="Sum" Name="Add" SID="606">
    <P Name="Ports">[2, 1]</P>
    <P Name="Position">[360, 87, 390, 118]</P>
    <P Name="ZOrder">4</P>
    <P Name="IconShape">rectangular</P>
    <P Name="Inputs">+-</P>
  </Block>
  <Block BlockType="Sum" Name="Add1" SID="610">
    <P Name="Ports">[2, 1]</P>
    <P Name="Position">[360, 227, 390, 258]</P>
    <P Name="ZOrder">9</P>
    <P Name="IconShape">rectangular</P>
    <P Name="Inputs">+-</P>
  </Block>
  <Block BlockType="Sum" Name="Add2" SID="613">
    <P Name="Ports">[2, 1]</P>
    <P Name="Position">[360, 362, 390, 393]</P>
    <P Name="ZOrder">12</P>
    <P Name="IconShape">rectangular</P>
    <P Name="Inputs">+-</P>
  </Block>
  <Block BlockType="Constant" Name="Constant" SID="594">
    <P Name="Position">[60, 475, 90, 505]</P>
    <P Name="ZOrder">2</P>
  </Block>
  <Block BlockType="Integrator" Name="Integral" SID="585">
    <P Name="Ports">[1, 1]</P>
    <P Name="Position">[170, 30, 200, 60]</P>
    <P Name="ZOrder">-2</P>
    <P Name="BackgroundColor">magenta</P>
  </Block>
  <Block BlockType="Integrator" Name="Integral1" SID="586">
    <P Name="Ports">[1, 1]</P>
    <P Name="Position">[115, 475, 145, 505]</P>
    <P Name="ZOrder">-3</P>
    <P Name="BackgroundColor">magenta</P>
    <P Name="InitialCondition">eps</P>
    <P Name="LimitOutput">on</P>
    <P Name="LowerSaturationLimit">eps</P>
  </Block>
  <Block BlockType="Product" Name="Medelv" SID="587">
    <P Name="Ports">[2, 1]</P>
    <P Name="Position">[465, 40, 485, 60]</P>
    <P Name="ZOrder">-4</P>
    <P Name="BackgroundColor">magenta</P>
    <P Name="Inputs">*/</P>
    <P Name="InputSameDT">on</P>
    <P Name="OutDataTypeStr">Inherit: Same as first input</P>
    <P Name="SaturateOnIntegerOverflow">on</P>
  </Block>
  <Block BlockType="Product" Name="Medelv1" SID="608">
    <P Name="Ports">[2, 1]</P>
    <P Name="Position">[465, 95, 485, 115]</P>
    <P Name="ZOrder">6</P>
    <P Name="BackgroundColor">magenta</P>
    <P Name="Inputs">*/</P>
    <P Name="InputSameDT">on</P>
    <P Name="OutDataTypeStr">Inherit: Same as first input</P>
    <P Name="SaturateOnIntegerOverflow">on</P>
  </Block>
  <Block BlockType="Product" Name="Medelv2" SID="616">
    <P Name="Ports">[2, 1]</P>
    <P Name="Position">[465, 240, 485, 260]</P>
    <P Name="ZOrder">14</P>
    <P Name="BackgroundColor">magenta</P>
    <P Name="Inputs">*/</P>
    <P Name="InputSameDT">on</P>
    <P Name="OutDataTypeStr">Inherit: Same as first input</P>
    <P Name="SaturateOnIntegerOverflow">on</P>
  </Block>
  <Block BlockType="Product" Name="Medelv3" SID="617">
    <P Name="Ports">[2, 1]</P>
    <P Name="Position">[455, 375, 475, 395]</P>
    <P Name="ZOrder">15</P>
    <P Name="BackgroundColor">magenta</P>
    <P Name="Inputs">*/</P>
    <P Name="InputSameDT">on</P>
    <P Name="OutDataTypeStr">Inherit: Same as first input</P>
    <P Name="SaturateOnIntegerOverflow">on</P>
  </Block>
  <Block BlockType="Mux" Name="Mux1" SID="620">
    <P Name="Ports">[5, 1]</P>
    <P Name="Position">[605, 33, 620, 147]</P>
    <P Name="ZOrder">18</P>
    <P Name="ForegroundColor">gray</P>
    <P Name="ShowName">off</P>
    <P Name="Inputs">5</P>
    <P Name="DisplayOption">bar</P>
  </Block>
  <Block BlockType="Scope" Name="Pem" SID="621">
    <P Name="Ports">[5]</P>
    <P Name="Position">[655, 184, 710, 296]</P>
    <P Name="ZOrder">19</P>
    <P Name="ScopeSpecificationString">Simulink.scopes.TimeScopeBlockCfg(&apos;CurrentConfiguration&apos;, extmgr.ConfigurationSet(extmgr.Configuration(&apos;Core&apos;,&apos;General UI&apos;,true),extmgr.Configuration(&apos;Core&apos;,&apos;Source UI&apos;,true),extmgr.Configuration(&apos;Sources&apos;,&apos;WiredSimulink&apos;,true,&apos;DataLoggingVariableName&apos;,&apos;ScopeData1&apos;),extmgr.Configuration(&apos;Visuals&apos;,&apos;Time Domain&apos;,true,&apos;SerializedDisplays&apos;,{struct(&apos;MinYLimReal&apos;,&apos;-60070.91868&apos;,&apos;MaxYLimReal&apos;,&apos;540638.2681&apos;,&apos;YLabelReal&apos;,&apos;&apos;,&apos;MinYLimMag&apos;,&apos;   0.00000&apos;,&apos;MaxYLimMag&apos;,&apos;540638.2681&apos;,&apos;LegendVisibility&apos;,&apos;Off&apos;,&apos;XGrid&apos;,true,&apos;YGrid&apos;,true,&apos;PlotMagPhase&apos;,false,&apos;AxesColor&apos;,[0 0 0],&apos;AxesTickColor&apos;,[0.686274509803922 0.686274509803922 0.686274509803922],&apos;ColorOrder&apos;,[1 1 0.0666666666666667;0.0745098039215686 0.623529411764706 1;1 0.411764705882353 0.16078431372549;0.392156862745098 0.831372549019608 0.0745098039215686;0.717647058823529 0.274509803921569 1;0.0588235294117647 1 1;1 0.0745098039215686 0.650980392156863],&apos;Title&apos;,&apos;%&lt;SignalLabel&gt;&apos;,&apos;LinePropertiesCache&apos;,{{}},&apos;UserDefinedChannelNames&apos;,{{}},&apos;NumLines&apos;,1,&apos;LineNames&apos;,{{&apos;Medelv&apos;}},&apos;ShowContent&apos;,true,&apos;Placement&apos;,1),struct(&apos;MinYLimReal&apos;,&apos;-60070.91868&apos;,&apos;MaxYLimReal&apos;,&apos;540638.2681&apos;,&apos;YLabelReal&apos;,&apos;&apos;,&apos;MinYLimMag&apos;,&apos;   0.00000&apos;,&apos;MaxYLimMag&apos;,&apos;266359.62498&apos;,&apos;LegendVisibility&apos;,&apos;Off&apos;,&apos;XGrid&apos;,true,&apos;YGrid&apos;,true,&apos;PlotMagPhase&apos;,false,&apos;AxesColor&apos;,[0 0 0],&apos;AxesTickColor&apos;,[0.686274509803922 0.686274509803922 0.686274509803922],&apos;ColorOrder&apos;,[1 1 0.0666666666666667;0.0745098039215686 0.623529411764706 1;1 0.411764705882353 0.16078431372549;0.392156862745098 0.831372549019608 0.0745098039215686;0.717647058823529 0.274509803921569 1;0.0588235294117647 1 1;1 0.0745098039215686 0.650980392156863],&apos;Title&apos;,&apos;%&lt;SignalLabel&gt;&apos;,&apos;LinePropertiesCache&apos;,{{}},&apos;UserDefinedChannelNames&apos;,{{}},&apos;NumLines&apos;,1,&apos;LineNames&apos;,{{&apos;Medelv1&apos;}},&apos;ShowContent&apos;,true,&apos;Placement&apos;,2),struct(&apos;MinYLimReal&apos;,&apos;-157350.12674&apos;,&apos;MaxYLimReal&apos;,&apos;551447.069&apos;,&apos;YLabelReal&apos;,&apos;&apos;,&apos;MinYLimMag&apos;,&apos;   0.00000&apos;,&apos;MaxYLimMag&apos;,&apos;266359.62498&apos;,&apos;LegendVisibility&apos;,&apos;Off&apos;,&apos;XGrid&apos;,true,&apos;YGrid&apos;,true,&apos;PlotMagPhase&apos;,false,&apos;AxesColor&apos;,[0 0 0],&apos;AxesTickColor&apos;,[0.686274509803922 0.686274509803922 0.686274509803922],&apos;ColorOrder&apos;,[1 1 0.0666666666666667;0.0745098039215686 0.623529411764706 1;1 0.411764705882353 0.16078431372549;0.392156862745098 0.831372549019608 0.0745098039215686;0.717647058823529 0.274509803921569 1;0.0588235294117647 1 1;1 0.0745098039215686 0.650980392156863],&apos;Title&apos;,&apos;%&lt;SignalLabel&gt;&apos;,&apos;LinePropertiesCache&apos;,{{}},&apos;UserDefinedChannelNames&apos;,{{}},&apos;NumLines&apos;,1,&apos;LineNames&apos;,{{&apos;Medelv2&apos;}},&apos;ShowContent&apos;,true,&apos;Placement&apos;,3),struct(&apos;MinYLimReal&apos;,&apos;-714915.4074&apos;,&apos;MaxYLimReal&apos;,&apos;631518.18604&apos;,&apos;YLabelReal&apos;,&apos;&apos;,&apos;MinYLimMag&apos;,&apos;   0.00000&apos;,&apos;MaxYLimMag&apos;,&apos;266359.62498&apos;,&apos;LegendVisibility&apos;,&apos;Off&apos;,&apos;XGrid&apos;,true,&apos;YGrid&apos;,true,&apos;PlotMagPhase&apos;,false,&apos;AxesColor&apos;,[0 0 0],&apos;AxesTickColor&apos;,[0.686274509803922 0.686274509803922 0.686274509803922],&apos;ColorOrder&apos;,[1 1 0.0666666666666667;0.0745098039215686 0.623529411764706 1;1 0.411764705882353 0.16078431372549;0.392156862745098 0.831372549019608 0.0745098039215686;0.717647058823529 0.274509803921569 1;0.0588235294117647 1 1;1 0.0745098039215686 0.650980392156863],&apos;Title&apos;,&apos;%&lt;SignalLabel&gt;&apos;,&apos;LinePropertiesCache&apos;,{{}},&apos;UserDefinedChannelNames&apos;,{{}},&apos;NumLines&apos;,2,&apos;LineNames&apos;,{{&apos;Medelv3&apos;,&apos;Abs&apos;}},&apos;ShowContent&apos;,true,&apos;Placement&apos;,4)},&apos;DisplayPropertyDefaults&apos;,struct(&apos;YLabelReal&apos;,&apos;&apos;,&apos;AxesColor&apos;,[0 0 0],&apos;AxesTickColor&apos;,[0.686274509803922 0.686274509803922 0.686274509803922],&apos;ColorOrder&apos;,[1 1 0.0666666666666667;0.0745098039215686 0.623529411764706 1;1 0.411764705882353 0.16078431372549;0.392156862745098 0.831372549019608 0.0745098039215686;0.717647058823529 0.274509803921569 1;0.0588235294117647 1 1;1 0.0745098039215686 0.650980392156863],&apos;Title&apos;,&apos;%&lt;SignalLabel&gt;&apos;),&apos;TimeRangeSamples&apos;,&apos;endtime&apos;,&apos;TimeRangeFrames&apos;,&apos;endtime&apos;,&apos;DisplayLayoutDimensions&apos;,[4 1],&apos;DisplayContentCache&apos;,[]),extmgr.Configuration(&apos;Tools&apos;,&apos;Plot Navigation&apos;,true,&apos;OnceAtStop&apos;,false,&apos;PreviousAutoscale&apos;,&apos;XY&apos;),extmgr.Configuration(&apos;Tools&apos;,&apos;Measurements&apos;,true,&apos;Version&apos;,&apos;2019a&apos;)),&apos;Version&apos;,&apos;2019a&apos;,&apos;Position&apos;,[1 41 1366 652])</P>
    <P Name="NumInputPorts">5</P>
    <P Name="Floating">off</P>
  </Block>
  <Block BlockType="Outport" Name="Inst, Ave" SID="591">
    <P Name="Position">[665, 83, 695, 97]</P>
    <P Name="ZOrder">-8</P>
    <P Name="VectorParamsAs1DForOutWhenUnconnected">off</P>
  </Block>
  <Line>
    <P Name="ZOrder">3</P>
    <P Name="Src">584#out:1</P>
    <P Name="Dst">593#in:1</P>
  </Line>
  <Line>
    <P Name="ZOrder">7</P>
    <P Name="Src">586#out:1</P>
    <P Name="Points">[165, 0]</P>
    <Branch>
      <P Name="ZOrder">86</P>
      <P Name="Points">[94, 0; 0, -435]</P>
      <P Name="Dst">587#in:2</P>
    </Branch>
    <Branch>
      <P Name="ZOrder">47</P>
      <P Name="Points">[0, -60]</P>
      <Branch>
        <P Name="ZOrder">49</P>
        <P Name="Points">[0, -95; 1, 0; 0, -30]</P>
        <Branch>
          <P Name="ZOrder">52</P>
          <P Name="Points">[0, -140]</P>
          <P Name="Dst">619#in:1</P>
        </Branch>
        <Branch>
          <P Name="ZOrder">51</P>
          <P Name="Dst">618#in:1</P>
        </Branch>
      </Branch>
      <Branch>
        <P Name="ZOrder">48</P>
        <P Name="Dst">609#in:1</P>
      </Branch>
    </Branch>
  </Line>
  <Line>
    <P Name="ZOrder">8</P>
    <P Name="Src">593#out:1</P>
    <P Name="Points">[20, 0]</P>
    <Branch>
      <P Name="ZOrder">11</P>
      <P Name="Points">[0, 420; 439, 0; 0, -185]</P>
      <Branch>
        <P Name="ZOrder">114</P>
        <P Name="Dst">621#in:5</P>
      </Branch>
      <Branch>
        <P Name="ZOrder">113</P>
        <P Name="Points">[0, -150]</P>
        <P Name="Dst">620#in:5</P>
      </Branch>
    </Branch>
    <Branch>
      <P Name="ZOrder">10</P>
      <P Name="Dst">585#in:1</P>
    </Branch>
  </Line>
  <Line>
    <P Name="ZOrder">9</P>
    <P Name="Src">594#out:1</P>
    <P Name="Dst">586#in:1</P>
  </Line>
  <Line>
    <P Name="ZOrder">119</P>
    <P Name="Src">605#out:1</P>
    <P Name="Dst">606#in:2</P>
  </Line>
  <Line>
    <P Name="ZOrder">18</P>
    <P Name="Src">606#out:1</P>
    <P Name="Points">[1, 0; 0, -5]</P>
    <P Name="Dst">608#in:1</P>
  </Line>
  <Line>
    <P Name="ZOrder">120</P>
    <P Name="Src">612#out:1</P>
    <P Name="Dst">610#in:2</P>
  </Line>
  <Line>
    <P Name="ZOrder">121</P>
    <P Name="Src">615#out:1</P>
    <P Name="Dst">613#in:2</P>
  </Line>
  <Line>
    <P Name="ZOrder">43</P>
    <P Name="Src">613#out:1</P>
    <P Name="Dst">617#in:1</P>
  </Line>
  <Line>
    <P Name="ZOrder">44</P>
    <P Name="Src">610#out:1</P>
    <P Name="Dst">616#in:1</P>
  </Line>
  <Line>
    <P Name="ZOrder">53</P>
    <P Name="Src">619#out:1</P>
    <P Name="Points">[39, 0; 0, -55]</P>
    <P Name="Dst">608#in:2</P>
  </Line>
  <Line>
    <P Name="ZOrder">54</P>
    <P Name="Src">618#out:1</P>
    <P Name="Points">[39, 0; 0, -50]</P>
    <P Name="Dst">616#in:2</P>
  </Line>
  <Line>
    <P Name="ZOrder">55</P>
    <P Name="Src">609#out:1</P>
    <P Name="Points">[34, 0; 0, -40]</P>
    <P Name="Dst">617#in:2</P>
  </Line>
  <Line>
    <P Name="ZOrder">95</P>
    <P Name="Src">620#out:1</P>
    <P Name="Dst">591#in:1</P>
  </Line>
  <Line>
    <P Name="ZOrder">96</P>
    <P Name="Src">587#out:1</P>
    <P Name="Points">[100, 0]</P>
    <Branch>
      <P Name="ZOrder">105</P>
      <P Name="Points">[5, 0; 0, 150]</P>
      <P Name="Dst">621#in:1</P>
    </Branch>
    <Branch>
      <P Name="ZOrder">104</P>
      <P Name="Dst">620#in:1</P>
    </Branch>
  </Line>
  <Line>
    <P Name="ZOrder">97</P>
    <P Name="Src">608#out:1</P>
    <P Name="Points">[14, 0]</P>
    <Branch>
      <P Name="ZOrder">108</P>
      <P Name="Points">[0, 115]</P>
      <P Name="Dst">621#in:2</P>
    </Branch>
    <Branch>
      <P Name="ZOrder">107</P>
      <P Name="Points">[42, 0; 0, -35]</P>
      <P Name="Dst">620#in:2</P>
    </Branch>
  </Line>
  <Line>
    <P Name="ZOrder">98</P>
    <P Name="Src">616#out:1</P>
    <P Name="Points">[26, 0]</P>
    <Branch>
      <P Name="ZOrder">110</P>
      <P Name="Points">[0, -10]</P>
      <P Name="Dst">621#in:3</P>
    </Branch>
    <Branch>
      <P Name="ZOrder">109</P>
      <P Name="Points">[2, 0; 0, -160]</P>
      <P Name="Dst">620#in:3</P>
    </Branch>
  </Line>
  <Line>
    <P Name="ZOrder">99</P>
    <P Name="Src">617#out:1</P>
    <P Name="Points">[19, 0]</P>
    <Branch>
      <P Name="ZOrder">112</P>
      <P Name="Points">[0, -125]</P>
      <P Name="Dst">621#in:4</P>
    </Branch>
    <Branch>
      <P Name="ZOrder">111</P>
      <P Name="Points">[63, 0; 0, -275]</P>
      <P Name="Dst">620#in:4</P>
    </Branch>
  </Line>
  <Line>
    <P Name="ZOrder">6</P>
    <P Name="Src">585#out:1</P>
    <P Name="Points">[24, 0]</P>
    <Branch>
      <P Name="ZOrder">123</P>
      <P Name="Points">[0, 65]</P>
      <Branch>
        <P Name="ZOrder">125</P>
        <P Name="Points">[0, 140]</P>
        <Branch>
          <P Name="ZOrder">127</P>
          <P Name="Points">[0, 135]</P>
          <P Name="Dst">615#in:1</P>
        </Branch>
        <Branch>
          <P Name="ZOrder">126</P>
          <P Name="Dst">612#in:1</P>
        </Branch>
      </Branch>
      <Branch>
        <P Name="ZOrder">124</P>
        <P Name="Dst">605#in:1</P>
      </Branch>
    </Branch>
    <Branch>
      <P Name="ZOrder">122</P>
      <P Name="Points">[103, 0]</P>
      <Branch>
        <P Name="ZOrder">17</P>
        <P Name="Dst">587#in:1</P>
      </Branch>
      <Branch>
        <P Name="ZOrder">14</P>
        <P Name="Points">[0, 50]</P>
        <Branch>
          <P Name="ZOrder">31</P>
          <P Name="Points">[0, 140]</P>
          <Branch>
            <P Name="ZOrder">71</P>
            <P Name="Points">[0, 135]</P>
            <P Name="Dst">613#in:1</P>
          </Branch>
          <Branch>
            <P Name="ZOrder">32</P>
            <P Name="Dst">610#in:1</P>
          </Branch>
        </Branch>
        <Branch>
          <P Name="ZOrder">30</P>
          <P Name="Dst">606#in:1</P>
        </Branch>
      </Branch>
    </Branch>
  </Line>
</System>
