<?xml version="1.0" encoding="utf-8"?>
<System>
  <P Name="Location">[-8, -8, 1928, 1048]</P>
  <P Name="SystemRect">[0.000000, 0.000000, 0.000000, 0.000000]</P>
  <P Name="SetExecutionDomain">off</P>
  <P Name="ExecutionDomainType">Deduce</P>
  <P Name="ZoomFactor">515</P>
  <P Name="SimulinkSubDomain">Simulink</P>
  <Block BlockType="Inport" Name="Pem*" SID="335">
    <P Name="Position">[180, 98, 210, 112]</P>
    <P Name="ZOrder">-1</P>
  </Block>
  <Block BlockType="Saturate" Name="Saturation2" SID="349">
    <P Name="Position">[240, 94, 260, 116]</P>
    <P Name="ZOrder">-10</P>
    <P Name="ShowName">off</P>
    <P Name="UpperLimit">Pem_max</P>
    <P Name="LowerLimit">-Pem_max</P>
  </Block>
  <Block BlockType="Saturate" Name="Saturation3" SID="350">
    <P Name="Position">[405, 69, 425, 91]</P>
    <P Name="ZOrder">-11</P>
    <P Name="ShowName">off</P>
    <P Name="UpperLimit">Tem_max</P>
    <P Name="LowerLimit">-Tem_max</P>
  </Block>
  <Block BlockType="Saturate" Name="Saturation4" SID="351">
    <P Name="Position">[415, 119, 435, 141]</P>
    <P Name="ZOrder">-12</P>
    <P Name="ShowName">off</P>
    <P Name="UpperLimit">wem_max</P>
    <P Name="LowerLimit">0</P>
  </Block>
  <Block BlockType="Scope" Name="Scope" SID="486">
    <P Name="Ports">[3]</P>
    <P Name="Position">[510, 178, 540, 212]</P>
    <P Name="ZOrder">18</P>
    <P Name="ScopeSpecificationString">C++SS(StrPVP(&apos;Location&apos;,&apos;[291, 76, 1359, 561]&apos;),StrPVP(&apos;Open&apos;,&apos;off&apos;),StrPVP(&apos;ZoomMode&apos;,&apos;xonly&apos;),MxPVP(&apos;AxesTitles&apos;,54,&apos;struct(&apos;&apos;axes1&apos;&apos;,&apos;&apos;Pem*&apos;&apos;,&apos;&apos;axes2&apos;&apos;,&apos;&apos;Tem*&apos;&apos;,&apos;&apos;axes3&apos;&apos;,&apos;&apos;Wem*&apos;&apos;)&apos;),MxPVP(&apos;ScopeGraphics&apos;,57,&apos;struct(&apos;&apos;FigureColor&apos;&apos;,&apos;&apos;[0.501960784313725 0.501960784313725 0.501960784313725]&apos;&apos;,&apos;&apos;AxesColor&apos;&apos;,&apos;&apos;[0 0 0]&apos;&apos;,&apos;&apos;AxesTickColor&apos;&apos;,&apos;&apos;[1 1 1]&apos;&apos;,&apos;&apos;LineColors&apos;&apos;,&apos;&apos;[1 1 0;1 0 1;0 1 1;1 0 0;0 1 0;0 0 1]&apos;&apos;,&apos;&apos;LineStyles&apos;&apos;,&apos;&apos;-|-|-|-|-|-&apos;&apos;,&apos;&apos;LineWidths&apos;&apos;,&apos;&apos;[0.5 0.5 0.5 0.5 0.5 0.5]&apos;&apos;,&apos;&apos;MarkerStyles&apos;&apos;,&apos;&apos;none|none|none|none|none|none&apos;&apos;)&apos;),StrPVP(&apos;ShowLegends&apos;,&apos;off&apos;),StrPVP(&apos;YMin&apos;,&apos;-100000~0~0&apos;),StrPVP(&apos;YMax&apos;,&apos;75000~225~400&apos;),StrPVP(&apos;SaveName&apos;,&apos;ScopeData3&apos;),StrPVP(&apos;DataFormat&apos;,&apos;StructureWithTime&apos;),StrPVP(&apos;LimitDataPoints&apos;,&apos;off&apos;),StrPVP(&apos;BlockParamSampleTime&apos;,&apos;0&apos;),StrPVP(&apos;Decimation&apos;,&apos;1&apos;),StrPVP(&apos;BlockParamSampleInput&apos;,&apos;off&apos;))</P>
    <P Name="NumInputPorts">3</P>
    <P Name="Floating">off</P>
  </Block>
  <Block BlockType="Lookup" Name="Topt_em" SID="352">
    <P Name="Position">[355, 65, 385, 95]</P>
    <P Name="ZOrder">-13</P>
    <P Name="InputValues">PtoTem(:,1)</P>
    <P Name="Table">PtoTem(:,2)</P>
    <P Name="LookUpMeth">Interpolation-Use End Values</P>
  </Block>
  <Block BlockType="Lookup" Name="Wopt_em" SID="493">
    <P Name="Position">[355, 115, 385, 145]</P>
    <P Name="ZOrder">19</P>
    <P Name="InputValues">PtoTem(:,1)</P>
    <P Name="Table">PtoTem(:,4)</P>
    <P Name="LookUpMeth">Interpolation-Use End Values</P>
  </Block>
  <Block BlockType="Outport" Name="Tem *" SID="355">
    <P Name="Position">[510, 73, 540, 87]</P>
    <P Name="ZOrder">-16</P>
    <P Name="InitialOutput">0</P>
    <P Name="VectorParamsAs1DForOutWhenUnconnected">off</P>
  </Block>
  <Block BlockType="Outport" Name="wem*" SID="356">
    <P Name="Position">[510, 123, 540, 137]</P>
    <P Name="ZOrder">-17</P>
    <P Name="Port">2</P>
    <P Name="InitialOutput">0</P>
    <P Name="VectorParamsAs1DForOutWhenUnconnected">off</P>
  </Block>
  <Line>
    <P Name="ZOrder">1</P>
    <P Name="Src">352#out:1</P>
    <P Name="Dst">350#in:1</P>
  </Line>
  <Line>
    <P Name="ZOrder">2</P>
    <P Name="Labels">[0, 0]</P>
    <P Name="Src">351#out:1</P>
    <P Name="Points">[8, 0]</P>
    <Branch>
      <P Name="ZOrder">3</P>
      <P Name="Points">[0, 75]</P>
      <P Name="Dst">486#in:3</P>
    </Branch>
    <Branch>
      <P Name="ZOrder">4</P>
      <P Name="Dst">356#in:1</P>
    </Branch>
  </Line>
  <Line>
    <P Name="ZOrder">5</P>
    <P Name="Src">349#out:1</P>
    <P Name="Points">[54, 0]</P>
    <Branch>
      <P Name="ZOrder">6</P>
      <P Name="Points">[0, 25]</P>
      <Branch>
        <P Name="ZOrder">7</P>
        <P Name="Dst">493#in:1</P>
      </Branch>
      <Branch>
        <P Name="ZOrder">8</P>
        <P Name="Points">[0, 55]</P>
        <P Name="Dst">486#in:1</P>
      </Branch>
    </Branch>
    <Branch>
      <P Name="ZOrder">9</P>
      <P Name="Points">[0, -25]</P>
      <P Name="Dst">352#in:1</P>
    </Branch>
  </Line>
  <Line>
    <P Name="ZOrder">10</P>
    <P Name="Src">350#out:1</P>
    <P Name="Points">[30, 0]</P>
    <Branch>
      <P Name="ZOrder">11</P>
      <P Name="Points">[0, 115]</P>
      <P Name="Dst">486#in:2</P>
    </Branch>
    <Branch>
      <P Name="ZOrder">12</P>
      <P Name="Dst">355#in:1</P>
    </Branch>
  </Line>
  <Line>
    <P Name="ZOrder">13</P>
    <P Name="Src">493#out:1</P>
    <P Name="Dst">351#in:1</P>
  </Line>
  <Line>
    <P Name="ZOrder">14</P>
    <P Name="Src">335#out:1</P>
    <P Name="Dst">349#in:1</P>
  </Line>
</System>
