<?xml version="1.0" encoding="utf-8"?>
<System>
  <P Name="Location">[8, 8, 1558, 846]</P>
  <P Name="SystemRect">[0.000000, 0.000000, 0.000000, 0.000000]</P>
  <P Name="Open">on</P>
  <P Name="SetExecutionDomain">off</P>
  <P Name="ExecutionDomainType">Deduce</P>
  <P Name="ZoomFactor">125</P>
  <P Name="SimulinkSubDomain">Simulink</P>
  <Block BlockType="Inport" Name="Twheel*" SID="226">
    <P Name="Position">[15, 288, 45, 302]</P>
    <P Name="ZOrder">-1</P>
  </Block>
  <Block BlockType="Inport" Name="v" SID="227">
    <P Name="Position">[15, 213, 45, 227]</P>
    <P Name="ZOrder">-2</P>
    <P Name="Port">2</P>
  </Block>
  <Block BlockType="From" Name="From1" SID="233">
    <P Name="Position">[580, 320, 650, 340]</P>
    <P Name="ZOrder">-8</P>
    <P Name="CloseFcn">tagdialog Close</P>
    <P Name="GotoTag">SOC</P>
    <P Name="TagVisibility">global</P>
  </Block>
  <Block BlockType="SubSystem" Name="Gear Selection" SID="234">
    <P Name="Ports">[3, 3]</P>
    <P Name="Position">[375, 222, 465, 308]</P>
    <P Name="ZOrder">-9</P>
    <P Name="BackgroundColor">cyan</P>
    <P Name="RequestExecContextInheritance">off</P>
    <System Ref="system_234"/>
  </Block>
  <Block BlockType="SubSystem" Name="Optimal&#xA;operating point" SID="334">
    <P Name="Ports">[1, 2]</P>
    <P Name="Position">[280, 242, 350, 313]</P>
    <P Name="ZOrder">-15</P>
    <P Name="BackgroundColor">red</P>
    <P Name="RequestExecContextInheritance">off</P>
    <System Ref="system_334"/>
  </Block>
  <Block BlockType="Relay" Name="SOC_tract_max" SID="358">
    <P Name="Position">[710, 340, 740, 370]</P>
    <P Name="ZOrder">-16</P>
    <P Name="OnSwitchValue">SOC_tract_max+1</P>
    <P Name="OffSwitchValue">SOC_tract_max-1</P>
    <P Name="OnOutputValue">0</P>
    <P Name="OffOutputValue">1</P>
  </Block>
  <Block BlockType="Relay" Name="SOC_tract_min" SID="359">
    <P Name="Position">[710, 305, 740, 335]</P>
    <P Name="ZOrder">-17</P>
    <P Name="NameLocation">top</P>
    <P Name="OnSwitchValue">SOC_tract_min+1</P>
    <P Name="OffSwitchValue">SOC_tract_min-1</P>
  </Block>
  <Block BlockType="Saturate" Name="Saturation3" SID="559">
    <P Name="Position">[135, 209, 155, 231]</P>
    <P Name="ZOrder">23</P>
    <P Name="ShowName">off</P>
    <P Name="UpperLimit">inf</P>
    <P Name="LowerLimit">1</P>
  </Block>
  <Block BlockType="Scope" Name="Scope" SID="558">
    <P Name="Ports">[3]</P>
    <P Name="Position">[320, 378, 350, 412]</P>
    <P Name="ZOrder">22</P>
    <P Name="ScopeSpecificationString">Simulink.scopes.TimeScopeBlockCfg(&apos;CurrentConfiguration&apos;, extmgr.ConfigurationSet(extmgr.Configuration(&apos;Core&apos;,&apos;General UI&apos;,true),extmgr.Configuration(&apos;Core&apos;,&apos;Source UI&apos;,true),extmgr.Configuration(&apos;Sources&apos;,&apos;WiredSimulink&apos;,true,&apos;DataLoggingVariableName&apos;,&apos;ScopeData1&apos;,&apos;DataLoggingSaveFormat&apos;,&apos;StructureWithTime&apos;,&apos;DataLoggingDecimation&apos;,&apos;1&apos;,&apos;DataLoggingDecimateData&apos;,true),extmgr.Configuration(&apos;Visuals&apos;,&apos;Time Domain&apos;,true,&apos;SerializedDisplays&apos;,{struct(&apos;MinYLimReal&apos;,&apos;0.9&apos;,&apos;MaxYLimReal&apos;,&apos;1.1&apos;,&apos;YLabelReal&apos;,&apos;&apos;,&apos;MinYLimMag&apos;,&apos;0.9&apos;,&apos;MaxYLimMag&apos;,&apos;1.1&apos;,&apos;LegendVisibility&apos;,&apos;off&apos;,&apos;XGrid&apos;,true,&apos;YGrid&apos;,true,&apos;PlotMagPhase&apos;,false,&apos;AxesColor&apos;,[0 0 0],&apos;AxesTickColor&apos;,[0.686274509803922 0.686274509803922 0.686274509803922],&apos;ColorOrder&apos;,[1 1 0.0666666666666667;0.0745098039215686 0.623529411764706 1;1 0.411764705882353 0.16078431372549;0.392156862745098 0.831372549019608 0.0745098039215686;0.717647058823529 0.274509803921569 1;0.0588235294117647 1 1;1 0.0745098039215686 0.650980392156863],&apos;Title&apos;,&apos;wwheel*&apos;,&apos;LinePropertiesCache&apos;,{{}},&apos;UserDefinedChannelNames&apos;,{{}},&apos;NumLines&apos;,1,&apos;LineNames&apos;,{{&apos;Saturation3&apos;}},&apos;ShowContent&apos;,true,&apos;Placement&apos;,1),struct(&apos;MinYLimReal&apos;,&apos;-20493.00000&apos;,&apos;MaxYLimReal&apos;,&apos;184437.00000&apos;,&apos;YLabelReal&apos;,&apos;&apos;,&apos;MinYLimMag&apos;,&apos;0&apos;,&apos;MaxYLimMag&apos;,&apos;10&apos;,&apos;LegendVisibility&apos;,&apos;off&apos;,&apos;XGrid&apos;,true,&apos;YGrid&apos;,true,&apos;PlotMagPhase&apos;,false,&apos;AxesColor&apos;,[0 0 0],&apos;AxesTickColor&apos;,[0.686274509803922 0.686274509803922 0.686274509803922],&apos;ColorOrder&apos;,[1 1 0.0666666666666667;0.0745098039215686 0.623529411764706 1;1 0.411764705882353 0.16078431372549;0.392156862745098 0.831372549019608 0.0745098039215686;0.717647058823529 0.274509803921569 1;0.0588235294117647 1 1;1 0.0745098039215686 0.650980392156863],&apos;Title&apos;,&apos;Twheel*&apos;,&apos;LinePropertiesCache&apos;,{{}},&apos;UserDefinedChannelNames&apos;,{{}},&apos;NumLines&apos;,1,&apos;LineNames&apos;,{{&apos;Twheel*&apos;}},&apos;ShowContent&apos;,true,&apos;Placement&apos;,2),struct(&apos;MinYLimReal&apos;,&apos;-20493.00000&apos;,&apos;MaxYLimReal&apos;,&apos;184437.00000&apos;,&apos;YLabelReal&apos;,&apos;&apos;,&apos;MinYLimMag&apos;,&apos;0&apos;,&apos;MaxYLimMag&apos;,&apos;10&apos;,&apos;LegendVisibility&apos;,&apos;off&apos;,&apos;XGrid&apos;,true,&apos;YGrid&apos;,true,&apos;PlotMagPhase&apos;,false,&apos;AxesColor&apos;,[0 0 0],&apos;AxesTickColor&apos;,[0.686274509803922 0.686274509803922 0.686274509803922],&apos;ColorOrder&apos;,[1 1 0.0666666666666667;0.0745098039215686 0.623529411764706 1;1 0.411764705882353 0.16078431372549;0.392156862745098 0.831372549019608 0.0745098039215686;0.717647058823529 0.274509803921569 1;0.0588235294117647 1 1;1 0.0745098039215686 0.650980392156863],&apos;Title&apos;,&apos;Pwheel*&apos;,&apos;LinePropertiesCache&apos;,{{}},&apos;UserDefinedChannelNames&apos;,{{}},&apos;NumLines&apos;,1,&apos;LineNames&apos;,{{&apos;Tractive Power&apos;}},&apos;ShowContent&apos;,true,&apos;Placement&apos;,3)},&apos;DisplayPropertyDefaults&apos;,struct(&apos;YLabelReal&apos;,&apos;&apos;,&apos;LegendVisibility&apos;,&apos;off&apos;,&apos;XGrid&apos;,true,&apos;YGrid&apos;,true,&apos;PlotMagPhase&apos;,false,&apos;AxesColor&apos;,[0 0 0],&apos;AxesTickColor&apos;,[0.686274509803922 0.686274509803922 0.686274509803922],&apos;ColorOrder&apos;,[1 1 0.0666666666666667;0.0745098039215686 0.623529411764706 1;1 0.411764705882353 0.16078431372549;0.392156862745098 0.831372549019608 0.0745098039215686;0.717647058823529 0.274509803921569 1;0.0588235294117647 1 1;1 0.0745098039215686 0.650980392156863],&apos;Title&apos;,&apos;wwheel*&apos;,&apos;LinePropertiesCache&apos;,{{}},&apos;UserDefinedChannelNames&apos;,{{}},&apos;NumLines&apos;,0,&apos;LineNames&apos;,{{[]}},&apos;ShowContent&apos;,true,&apos;Placement&apos;,1),&apos;DisplayLayoutDimensions&apos;,[3 1]),extmgr.Configuration(&apos;Tools&apos;,&apos;Plot Navigation&apos;,true,&apos;OnceAtStop&apos;,false,&apos;PreviousAutoscale&apos;,&apos;XY&apos;),extmgr.Configuration(&apos;Tools&apos;,&apos;Measurements&apos;,true,&apos;Version&apos;,&apos;2016a&apos;)),&apos;Version&apos;,&apos;2016a&apos;,&apos;Location&apos;,[291 76 1359 561])</P>
    <P Name="NumInputPorts">3</P>
    <P Name="Floating">off</P>
  </Block>
  <Block BlockType="Lookup" Name="Tem_max1" SID="365">
    <P Name="Position">[715, 195, 745, 225]</P>
    <P Name="ZOrder">-23</P>
    <P Name="NameLocation">top</P>
    <P Name="InputValues">Wem</P>
    <P Name="Table">Tem_lim</P>
  </Block>
  <Block BlockType="Lookup" Name="Tem_min1" SID="366">
    <P Name="Position">[710, 240, 740, 270]</P>
    <P Name="ZOrder">-24</P>
    <P Name="InputValues">Wem</P>
    <P Name="Table">-Tem_lim</P>
  </Block>
  <Block BlockType="Reference" Name="Tlimiter1" SID="367">
    <P Name="Ports">[3, 1]</P>
    <P Name="Position">[845, 209, 885, 261]</P>
    <P Name="ZOrder">-25</P>
    <P Name="LibraryVersion">2.3</P>
    <P Name="SourceBlock">simulink/Discontinuities/Saturation
Dynamic</P>
    <P Name="SourceType">Saturation Dynamic</P>
    <P Name="SourceProductBaseCode">SL</P>
    <InstanceData>
      <P Name="RTWMemSecFuncInitTerm">Inherit from model</P>
      <P Name="RTWMemSecFuncExecute">Inherit from model</P>
      <P Name="RTWMemSecDataConstants">Inherit from model</P>
      <P Name="RTWMemSecDataInternal">Inherit from model</P>
      <P Name="RTWMemSecDataParameters">Inherit from model</P>
      <P Name="ContentPreviewEnabled">off</P>
      <P Name="OutMin">[]</P>
      <P Name="OutMax">[]</P>
      <P Name="OutDataTypeStr">Inherit: Same as second input</P>
      <P Name="OutputDataTypeScalingMode">Same as second input</P>
      <P Name="OutDataType">fixdt(1, 16)</P>
      <P Name="OutScaling">2^-10</P>
      <P Name="LockScale">off</P>
      <P Name="RndMeth">Floor</P>
      <P Name="DoSatur">off</P>
    </InstanceData>
  </Block>
  <Block BlockType="Product" Name="Tlimiter2" SID="368">
    <P Name="Ports">[2, 1]</P>
    <P Name="Position">[800, 248, 820, 272]</P>
    <P Name="ZOrder">-26</P>
    <P Name="ShowName">off</P>
    <P Name="Inputs">**</P>
    <P Name="InputSameDT">on</P>
    <P Name="OutDataTypeStr">Inherit: Same as first input</P>
    <P Name="SaturateOnIntegerOverflow">on</P>
  </Block>
  <Block BlockType="Product" Name="Tlimiter3" SID="369">
    <P Name="Ports">[2, 1]</P>
    <P Name="Position">[800, 203, 820, 227]</P>
    <P Name="ZOrder">-27</P>
    <P Name="ShowName">off</P>
    <P Name="Inputs">**</P>
    <P Name="InputSameDT">on</P>
    <P Name="OutDataTypeStr">Inherit: Same as first input</P>
    <P Name="SaturateOnIntegerOverflow">on</P>
  </Block>
  <Block BlockType="Product" Name="Tractive&#xA;Power" SID="373">
    <P Name="Ports">[2, 1]</P>
    <P Name="Position">[190, 259, 210, 301]</P>
    <P Name="ZOrder">-31</P>
    <P Name="BackgroundColor">magenta</P>
    <P Name="InputSameDT">on</P>
    <P Name="OutDataTypeStr">Inherit: Same as first input</P>
    <P Name="SaturateOnIntegerOverflow">on</P>
  </Block>
  <Block BlockType="Gain" Name="Vehicle speed&#xA;to&#xA;Wheel speed" SID="375">
    <P Name="Position">[70, 199, 120, 241]</P>
    <P Name="ZOrder">-33</P>
    <P Name="Gain">1/rw</P>
    <P Name="ParamDataTypeStr">Inherit: Same as input</P>
    <P Name="OutDataTypeStr">Inherit: Same as input</P>
    <P Name="SaturateOnIntegerOverflow">on</P>
  </Block>
  <Block BlockType="Outport" Name="Tem*" SID="376">
    <P Name="Position">[935, 228, 965, 242]</P>
    <P Name="ZOrder">-34</P>
    <P Name="VectorParamsAs1DForOutWhenUnconnected">off</P>
  </Block>
  <Block BlockType="Outport" Name="wem" SID="378">
    <P Name="Position">[505, 258, 535, 272]</P>
    <P Name="ZOrder">-36</P>
    <P Name="Port">2</P>
    <P Name="VectorParamsAs1DForOutWhenUnconnected">off</P>
  </Block>
  <Block BlockType="Outport" Name="utvx" SID="380">
    <P Name="Position">[505, 288, 535, 302]</P>
    <P Name="ZOrder">-38</P>
    <P Name="Port">3</P>
    <P Name="VectorParamsAs1DForOutWhenUnconnected">off</P>
  </Block>
  <Line>
    <P Name="ZOrder">1</P>
    <P Name="Src">375#out:1</P>
    <P Name="Dst">559#in:1</P>
  </Line>
  <Line>
    <P Name="ZOrder">2</P>
    <P Name="Src">226#out:1</P>
    <P Name="Points">[125, 0]</P>
    <Branch>
      <P Name="ZOrder">3</P>
      <P Name="Dst">373#in:2</P>
    </Branch>
    <Branch>
      <P Name="ZOrder">4</P>
      <P Name="Points">[0, 100]</P>
      <P Name="Dst">558#in:2</P>
    </Branch>
  </Line>
  <Line>
    <P Name="ZOrder">5</P>
    <P Name="Src">227#out:1</P>
    <P Name="Dst">375#in:1</P>
  </Line>
  <Line>
    <P Name="ZOrder">6</P>
    <P Name="Src">234#out:3</P>
    <P Name="Dst">380#in:1</P>
  </Line>
  <Line>
    <P Name="ZOrder">7</P>
    <P Name="Src">334#out:2</P>
    <P Name="Dst">234#in:3</P>
  </Line>
  <Line>
    <P Name="ZOrder">8</P>
    <P Name="Src">334#out:1</P>
    <P Name="Points">[5, 0]</P>
    <P Name="Dst">234#in:2</P>
  </Line>
  <Line>
    <P Name="ZOrder">9</P>
    <P Name="Src">373#out:1</P>
    <P Name="Points">[33, 0]</P>
    <Branch>
      <P Name="ZOrder">10</P>
      <P Name="Points">[0, 125]</P>
      <P Name="Dst">558#in:3</P>
    </Branch>
    <Branch>
      <P Name="ZOrder">11</P>
      <P Name="Dst">334#in:1</P>
    </Branch>
  </Line>
  <Line>
    <P Name="ZOrder">12</P>
    <P Name="Src">234#out:1</P>
    <P Name="Dst">367#in:2</P>
  </Line>
  <Line>
    <P Name="ZOrder">13</P>
    <P Name="Src">234#out:2</P>
    <P Name="Points">[9, 0]</P>
    <Branch>
      <P Name="ZOrder">14</P>
      <P Name="Dst">378#in:1</P>
    </Branch>
    <Branch>
      <P Name="ZOrder">15</P>
      <P Name="Points">[0, -17; 196, 0]</P>
      <Branch>
        <P Name="ZOrder">16</P>
        <P Name="Points">[0, -38]</P>
        <P Name="Dst">365#in:1</P>
      </Branch>
      <Branch>
        <P Name="ZOrder">17</P>
        <P Name="Points">[0, 7]</P>
        <P Name="Dst">366#in:1</P>
      </Branch>
    </Branch>
  </Line>
  <Line>
    <P Name="ZOrder">18</P>
    <P Name="Src">233#out:1</P>
    <P Name="Points">[18, 0]</P>
    <Branch>
      <P Name="ZOrder">19</P>
      <P Name="Points">[0, 25]</P>
      <P Name="Dst">358#in:1</P>
    </Branch>
    <Branch>
      <P Name="ZOrder">20</P>
      <P Name="Points">[0, -10]</P>
      <P Name="Dst">359#in:1</P>
    </Branch>
  </Line>
  <Line>
    <P Name="ZOrder">21</P>
    <P Name="Src">365#out:1</P>
    <P Name="Dst">369#in:1</P>
  </Line>
  <Line>
    <P Name="ZOrder">22</P>
    <P Name="Src">369#out:1</P>
    <P Name="Points">[5, 0]</P>
    <P Name="Dst">367#in:1</P>
  </Line>
  <Line>
    <P Name="ZOrder">23</P>
    <P Name="Src">366#out:1</P>
    <P Name="Dst">368#in:1</P>
  </Line>
  <Line>
    <P Name="ZOrder">24</P>
    <P Name="Src">368#out:1</P>
    <P Name="Points">[0, -10]</P>
    <P Name="Dst">367#in:3</P>
  </Line>
  <Line>
    <P Name="ZOrder">25</P>
    <P Name="Src">359#out:1</P>
    <P Name="Points">[30, 0; 0, -100]</P>
    <P Name="Dst">369#in:2</P>
  </Line>
  <Line>
    <P Name="ZOrder">26</P>
    <P Name="Src">358#out:1</P>
    <P Name="Points">[21, 0; 0, -90]</P>
    <P Name="Dst">368#in:2</P>
  </Line>
  <Line>
    <P Name="ZOrder">27</P>
    <P Name="Src">367#out:1</P>
    <P Name="Dst">376#in:1</P>
  </Line>
  <Line>
    <P Name="ZOrder">28</P>
    <P Name="Src">559#out:1</P>
    <P Name="Points">[14, 0]</P>
    <Branch>
      <P Name="ZOrder">29</P>
      <P Name="Points">[0, 50]</P>
      <P Name="Dst">373#in:1</P>
    </Branch>
    <Branch>
      <P Name="ZOrder">30</P>
      <P Name="Points">[83, 0]</P>
      <Branch>
        <P Name="ZOrder">31</P>
        <P Name="Points">[0, 165]</P>
        <P Name="Dst">558#in:1</P>
      </Branch>
      <Branch>
        <P Name="ZOrder">32</P>
        <P Name="Points">[103, 0]</P>
        <P Name="Dst">234#in:1</P>
      </Branch>
    </Branch>
  </Line>
</System>
