<?xml version="1.0" encoding="utf-8"?>
<System>
  <P Name="Location">[-6, 0, 1543, 830]</P>
  <P Name="SystemRect">[0.000000, 0.000000, 0.000000, 0.000000]</P>
  <P Name="SetExecutionDomain">off</P>
  <P Name="ExecutionDomainType">Deduce</P>
  <P Name="ZoomFactor">310</P>
  <P Name="SimulinkSubDomain">Simulink</P>
  <Block BlockType="Inport" Name="Tem" SID="43">
    <P Name="Position">[15, 48, 45, 62]</P>
    <P Name="ZOrder">-1</P>
  </Block>
  <Block BlockType="Inport" Name="utvx" SID="45">
    <P Name="Position">[15, 123, 45, 137]</P>
    <P Name="ZOrder">-3</P>
    <P Name="Port">2</P>
  </Block>
  <Block BlockType="Inport" Name="T*_wheel" SID="46">
    <P Name="Position">[20, 168, 50, 182]</P>
    <P Name="ZOrder">-4</P>
    <P Name="Port">3</P>
  </Block>
  <Block BlockType="Product" Name="-&gt; hjulmoment" SID="47">
    <P Name="Ports">[2, 1]</P>
    <P Name="Position">[140, 52, 170, 83]</P>
    <P Name="ZOrder">-5</P>
    <P Name="InputSameDT">on</P>
    <P Name="OutDataTypeStr">Inherit: Same as first input</P>
    <P Name="SaturateOnIntegerOverflow">on</P>
  </Block>
  <Block BlockType="Saturate" Name="Endast negativa&#xA;bromsmoment1" SID="48">
    <P Name="Position">[285, 60, 315, 90]</P>
    <P Name="ZOrder">-6</P>
    <P Name="UpperLimit">0</P>
    <P Name="LowerLimit">-inf</P>
  </Block>
  <Block BlockType="Sum" Name="Sum1" SID="49">
    <P Name="Ports">[2, 1]</P>
    <P Name="Position">[230, 65, 250, 85]</P>
    <P Name="ZOrder">-7</P>
    <P Name="ShowName">off</P>
    <P Name="IconShape">rectangular</P>
    <P Name="Inputs">-+</P>
    <P Name="InputSameDT">on</P>
    <P Name="OutDataTypeStr">Inherit: Same as first input</P>
    <P Name="SaturateOnIntegerOverflow">on</P>
  </Block>
  <Block BlockType="Outport" Name="T_broms" SID="51">
    <P Name="Position">[375, 68, 405, 82]</P>
    <P Name="ZOrder">-9</P>
    <P Name="InitialOutput">0</P>
    <P Name="VectorParamsAs1DForOutWhenUnconnected">off</P>
  </Block>
  <Line>
    <P Name="ZOrder">1</P>
    <P Name="Src">43#out:1</P>
    <P Name="Points">[42, 0; 0, 5]</P>
    <P Name="Dst">47#in:1</P>
  </Line>
  <Line>
    <P Name="ZOrder">2</P>
    <P Name="Src">45#out:1</P>
    <P Name="Points">[75, 0]</P>
    <P Name="Dst">47#in:2</P>
  </Line>
  <Line>
    <P Name="ZOrder">3</P>
    <P Name="Src">47#out:1</P>
    <P Name="Dst">49#in:1</P>
  </Line>
  <Line>
    <P Name="ZOrder">4</P>
    <P Name="Src">46#out:1</P>
    <P Name="Points">[160, 0]</P>
    <P Name="Dst">49#in:2</P>
  </Line>
  <Line>
    <P Name="ZOrder">5</P>
    <P Name="Src">49#out:1</P>
    <P Name="Dst">48#in:1</P>
  </Line>
  <Line>
    <P Name="ZOrder">6</P>
    <P Name="Src">48#out:1</P>
    <P Name="Dst">51#in:1</P>
  </Line>
  <Annotation SID="52">
    <P Name="Name">If the drive train is not able
to supply the braking force, then
the friction brakes are used.</P>
    <P Name="Position">[323, 162, 466, 200]</P>
    <P Name="InternalMargins">[0, 0, 0, 0]</P>
    <P Name="ZOrder">-1</P>
  </Annotation>
</System>
