<?xml version="1.0" encoding="utf-8"?>
<System>
  <P Name="Location">[0, 0, 1366, 728]</P>
  <P Name="SystemRect">[0.000000, 0.000000, 0.000000, 0.000000]</P>
  <P Name="SetExecutionDomain">off</P>
  <P Name="ExecutionDomainType">Deduce</P>
  <P Name="ZoomFactor">306</P>
  <P Name="SimulinkSubDomain">Simulink</P>
  <Block BlockType="Inport" Name="T" SID="114">
    <P Name="Position">[45, 83, 75, 97]</P>
    <P Name="ZOrder">-1</P>
  </Block>
  <Block BlockType="Inport" Name="w" SID="115">
    <P Name="Position">[20, 28, 50, 42]</P>
    <P Name="ZOrder">-2</P>
    <P Name="Port">2</P>
  </Block>
  <Block BlockType="Abs" Name="Abs2" SID="116">
    <P Name="Position">[70, 27, 95, 43]</P>
    <P Name="ZOrder">-3</P>
    <P Name="NameLocation">top</P>
  </Block>
  <Block BlockType="Constant" Name="Constant" SID="117">
    <P Name="Position">[130, 18, 150, 32]</P>
    <P Name="ZOrder">-4</P>
    <P Name="NameLocation">top</P>
    <P Name="ShowName">off</P>
    <P Name="Value">eps</P>
  </Block>
  <Block BlockType="Product" Name="EM torque1" SID="118">
    <P Name="Ports">[2, 1]</P>
    <P Name="Position">[250, 59, 270, 86]</P>
    <P Name="ZOrder">-5</P>
    <P Name="Inputs">/*</P>
    <P Name="InputSameDT">on</P>
    <P Name="OutDataTypeStr">Inherit: Same as first input</P>
    <P Name="SaturateOnIntegerOverflow">on</P>
  </Block>
  <Block BlockType="Product" Name="T*w_ice" SID="119">
    <P Name="Ports">[2, 1]</P>
    <P Name="Position">[155, 69, 175, 96]</P>
    <P Name="ZOrder">-6</P>
    <P Name="Inputs">**</P>
    <P Name="InputSameDT">on</P>
    <P Name="OutDataTypeStr">Inherit: Same as first input</P>
    <P Name="SaturateOnIntegerOverflow">on</P>
  </Block>
  <Block BlockType="Saturate" Name="maxP" SID="120">
    <P Name="Position">[195, 74, 220, 96]</P>
    <P Name="ZOrder">-7</P>
    <P Name="BackgroundColor">cyan</P>
    <P Name="UpperLimit">Pmax</P>
    <P Name="LowerLimit">-Pmax</P>
  </Block>
  <Block BlockType="Saturate" Name="maxT" SID="121">
    <P Name="Position">[300, 64, 320, 86]</P>
    <P Name="ZOrder">-8</P>
    <P Name="UpperLimit">Tmax</P>
    <P Name="LowerLimit">-Tmax</P>
  </Block>
  <Block BlockType="Sum" Name="not div by 0" SID="122">
    <P Name="Ports">[2, 1]</P>
    <P Name="Position">[175, 19, 195, 41]</P>
    <P Name="ZOrder">-9</P>
    <P Name="NameLocation">top</P>
    <P Name="IconShape">rectangular</P>
    <P Name="InputSameDT">on</P>
    <P Name="OutDataTypeStr">Inherit: Same as first input</P>
    <P Name="SaturateOnIntegerOverflow">on</P>
  </Block>
  <Block BlockType="Outport" Name="Tlim" SID="123">
    <P Name="Position">[410, 68, 440, 82]</P>
    <P Name="ZOrder">-10</P>
    <P Name="VectorParamsAs1DForOutWhenUnconnected">off</P>
  </Block>
  <Line>
    <P Name="ZOrder">1</P>
    <P Name="Src">115#out:1</P>
    <P Name="Dst">116#in:1</P>
  </Line>
  <Line>
    <P Name="ZOrder">2</P>
    <P Name="Src">114#out:1</P>
    <P Name="Dst">119#in:2</P>
  </Line>
  <Line>
    <P Name="ZOrder">3</P>
    <P Name="Src">119#out:1</P>
    <P Name="Dst">120#in:1</P>
  </Line>
  <Line>
    <P Name="ZOrder">4</P>
    <P Name="Src">116#out:1</P>
    <P Name="Dst">122#in:2</P>
  </Line>
  <Line>
    <P Name="ZOrder">5</P>
    <P Name="Src">117#out:1</P>
    <P Name="Dst">122#in:1</P>
  </Line>
  <Line>
    <P Name="ZOrder">6</P>
    <P Name="Src">120#out:1</P>
    <P Name="Points">[10, 0]</P>
    <P Name="Dst">118#in:2</P>
  </Line>
  <Line>
    <P Name="ZOrder">7</P>
    <P Name="Src">118#out:1</P>
    <P Name="Dst">121#in:1</P>
  </Line>
  <Line>
    <P Name="ZOrder">8</P>
    <P Name="Src">122#out:1</P>
    <P Name="Points">[5, 0]</P>
    <Branch>
      <P Name="ZOrder">9</P>
      <P Name="Points">[30, 0]</P>
      <P Name="Dst">118#in:1</P>
    </Branch>
    <Branch>
      <P Name="ZOrder">10</P>
      <P Name="Points">[0, 25; -65, 0]</P>
      <P Name="Dst">119#in:1</P>
    </Branch>
  </Line>
  <Line>
    <P Name="ZOrder">11</P>
    <P Name="Src">121#out:1</P>
    <P Name="Dst">123#in:1</P>
  </Line>
</System>
