<?xml version="1.0" encoding="utf-8"?>
<System>
  <P Name="Location">[393, 90, 1819, 947]</P>
  <P Name="SystemRect">[0.000000, 0.000000, 0.000000, 0.000000]</P>
  <P Name="SetExecutionDomain">off</P>
  <P Name="ExecutionDomainType">Deduce</P>
  <P Name="SimulinkSubDomain">Simulink</P>
  <Block BlockType="Inport" Name="Pcharge " SID="28">
    <P Name="Position">[15, 23, 45, 37]</P>
    <P Name="ZOrder">-1</P>
  </Block>
  <Block BlockType="Gain" Name="Gain3" SID="30">
    <P Name="Position">[210, 14, 300, 46]</P>
    <P Name="ZOrder">-3</P>
    <P Name="ShowName">off</P>
    <P Name="Gain">100/Wbatt</P>
    <P Name="ParamDataTypeStr">Inherit: Same as input</P>
    <P Name="OutDataTypeStr">Inherit: Same as input</P>
    <P Name="SaturateOnIntegerOverflow">on</P>
  </Block>
  <Block BlockType="Saturate" Name="Saturation" SID="32">
    <P Name="Position">[325, 15, 355, 45]</P>
    <P Name="ZOrder">-5</P>
    <P Name="UpperLimit">100</P>
    <P Name="LowerLimit">0</P>
  </Block>
  <Block BlockType="Integrator" Name="W batt&#xA;starts at 70%" SID="33">
    <P Name="Ports">[1, 1]</P>
    <P Name="Position">[110, 15, 140, 45]</P>
    <P Name="ZOrder">-6</P>
    <P Name="InitialCondition">SOC_batt_start_value/100*Wbatt</P>
    <P Name="LimitOutput">on</P>
    <P Name="UpperSaturationLimit">1.2*Wbatt</P>
    <P Name="LowerSaturationLimit">0</P>
  </Block>
  <Block BlockType="Outport" Name="W batt in [%]" SID="34">
    <P Name="Position">[390, 23, 420, 37]</P>
    <P Name="ZOrder">-7</P>
    <P Name="VectorParamsAs1DForOutWhenUnconnected">off</P>
  </Block>
  <Line>
    <P Name="ZOrder">1</P>
    <P Name="Src">30#out:1</P>
    <P Name="Dst">32#in:1</P>
  </Line>
  <Line>
    <P Name="ZOrder">2</P>
    <P Name="Src">33#out:1</P>
    <P Name="Dst">30#in:1</P>
  </Line>
  <Line>
    <P Name="ZOrder">5</P>
    <P Name="Src">32#out:1</P>
    <P Name="Dst">34#in:1</P>
  </Line>
  <Line>
    <P Name="ZOrder">8</P>
    <P Name="Src">28#out:1</P>
    <P Name="Dst">33#in:1</P>
  </Line>
</System>
