<?xml version="1.0" encoding="utf-8"?>
<System>
  <P Name="Location">[-8, -8, 1374, 736]</P>
  <P Name="SystemRect">[0.000000, 0.000000, 0.000000, 0.000000]</P>
  <P Name="SetExecutionDomain">off</P>
  <P Name="ExecutionDomainType">Deduce</P>
  <P Name="PaperType">A4</P>
  <P Name="PaperUnits">centimeters</P>
  <P Name="TiledPaperMargins">[1.270000, 1.270000, 1.270000, 1.270000]</P>
  <P Name="SimulinkSubDomain">Simulink</P>
  <Block BlockType="Inport" Name="In" SID="468">
    <P Name="Position">[25, 33, 55, 47]</P>
    <P Name="ZOrder">-1</P>
  </Block>
  <Block BlockType="Integrator" Name="Integral" SID="469">
    <P Name="Ports">[1, 1]</P>
    <P Name="Position">[200, 30, 230, 60]</P>
    <P Name="ZOrder">-2</P>
    <P Name="BackgroundColor">magenta</P>
  </Block>
  <Block BlockType="Integrator" Name="Integral1" SID="470">
    <P Name="Ports">[1, 1]</P>
    <P Name="Position">[200, 85, 230, 115]</P>
    <P Name="ZOrder">-3</P>
    <P Name="BackgroundColor">magenta</P>
    <P Name="InitialCondition">eps</P>
    <P Name="LimitOutput">on</P>
    <P Name="LowerSaturationLimit">eps</P>
  </Block>
  <Block BlockType="Product" Name="Medelv" SID="471">
    <P Name="Ports">[2, 1]</P>
    <P Name="Position">[275, 60, 295, 80]</P>
    <P Name="ZOrder">-4</P>
    <P Name="BackgroundColor">magenta</P>
    <P Name="Inputs">*/</P>
    <P Name="InputSameDT">on</P>
    <P Name="OutDataTypeStr">Inherit: Same as first input</P>
    <P Name="SaturateOnIntegerOverflow">on</P>
  </Block>
  <Block BlockType="Product" Name="Medelv1" SID="472">
    <P Name="Ports">[2, 1]</P>
    <P Name="Position">[145, 35, 165, 55]</P>
    <P Name="ZOrder">-5</P>
    <P Name="BackgroundColor">magenta</P>
    <P Name="Inputs">**</P>
    <P Name="InputSameDT">on</P>
    <P Name="OutDataTypeStr">Inherit: Same as first input</P>
    <P Name="SaturateOnIntegerOverflow">on</P>
  </Block>
  <Block BlockType="Mux" Name="Mux" SID="473">
    <P Name="Ports">[2, 1]</P>
    <P Name="Position">[375, 41, 380, 79]</P>
    <P Name="ZOrder">-6</P>
    <P Name="ForegroundColor">gray</P>
    <P Name="ShowName">off</P>
    <P Name="Inputs">2</P>
    <P Name="DisplayOption">bar</P>
  </Block>
  <Block BlockType="Relay" Name="Relay" SID="474">
    <P Name="Position">[85, 85, 115, 115]</P>
    <P Name="ZOrder">-7</P>
    <P Name="OnSwitchValue">0.05</P>
    <P Name="OffSwitchValue">0.04</P>
  </Block>
  <Block BlockType="Scope" Name="Scope" SID="475">
    <P Name="Ports">[1]</P>
    <P Name="Position">[425, 44, 455, 76]</P>
    <P Name="ZOrder">1</P>
    <P Name="ScopeSpecificationString">C++SS(StrPVP(&apos;Location&apos;,&apos;[188, 355, 982, 594]&apos;),StrPVP(&apos;Open&apos;,&apos;off&apos;),StrPVP(&apos;ZoomMode&apos;,&apos;yonly&apos;),MxPVP(&apos;AxesTitles&apos;,54,&apos;struct(&apos;&apos;axes1&apos;&apos;,&apos;&apos;%&lt;SignalLabel&gt;&apos;&apos;)&apos;),MxPVP(&apos;ScopeGraphics&apos;,57,&apos;struct(&apos;&apos;FigureColor&apos;&apos;,&apos;&apos;[0.5 0.5 0.5]&apos;&apos;,&apos;&apos;AxesColor&apos;&apos;,&apos;&apos;[0 0 0]&apos;&apos;,&apos;&apos;AxesTickColor&apos;&apos;,&apos;&apos;[1 1 1]&apos;&apos;,&apos;&apos;LineColors&apos;&apos;,&apos;&apos;[1 1 0;1 0 1;0 1 1;1 0 0;0 1 0;0 0 1]&apos;&apos;,&apos;&apos;LineStyles&apos;&apos;,&apos;&apos;-|-|-|-|-|-&apos;&apos;,&apos;&apos;LineWidths&apos;&apos;,&apos;&apos;[0.5 0.5 0.5 0.5 0.5 0.5]&apos;&apos;,&apos;&apos;MarkerStyles&apos;&apos;,&apos;&apos;none|none|none|none|none|none&apos;&apos;)&apos;),StrPVP(&apos;ShowLegends&apos;,&apos;off&apos;),StrPVP(&apos;YMin&apos;,&apos;0&apos;),StrPVP(&apos;YMax&apos;,&apos;0.13&apos;),StrPVP(&apos;SaveName&apos;,&apos;ScopeData6&apos;),StrPVP(&apos;DataFormat&apos;,&apos;StructureWithTime&apos;),StrPVP(&apos;BlockParamSampleTime&apos;,&apos;0&apos;),StrPVP(&apos;LimitDataPoints&apos;,&apos;on&apos;),StrPVP(&apos;Decimation&apos;,&apos;1&apos;),StrPVP(&apos;BlockParamSampleInput&apos;,&apos;off&apos;))</P>
    <P Name="NumInputPorts">1</P>
    <P Name="Floating">off</P>
  </Block>
  <Line>
    <P Name="ZOrder">1</P>
    <P Name="Src">473#out:1</P>
    <P Name="Dst">475#in:1</P>
  </Line>
  <Line>
    <P Name="ZOrder">2</P>
    <P Name="Src">471#out:1</P>
    <P Name="Dst">473#in:2</P>
  </Line>
  <Line>
    <P Name="ZOrder">3</P>
    <P Name="Src">474#out:1</P>
    <P Name="Points">[5, 0; 0, -5]</P>
    <Branch>
      <P Name="ZOrder">4</P>
      <P Name="Points">[55, 0; 0, 5]</P>
      <P Name="Dst">470#in:1</P>
    </Branch>
    <Branch>
      <P Name="ZOrder">5</P>
      <P Name="Points">[0, -45]</P>
      <P Name="Dst">472#in:2</P>
    </Branch>
  </Line>
  <Line>
    <P Name="ZOrder">6</P>
    <P Name="Src">468#out:1</P>
    <P Name="Points">[10, 0]</P>
    <Branch>
      <P Name="ZOrder">7</P>
      <P Name="Dst">474#in:1</P>
    </Branch>
    <Branch>
      <P Name="ZOrder">8</P>
      <P Name="Dst">472#in:1</P>
    </Branch>
    <Branch>
      <P Name="ZOrder">9</P>
      <P Name="Points">[0, -30; 290, 0]</P>
      <P Name="Dst">473#in:1</P>
    </Branch>
  </Line>
  <Line>
    <P Name="ZOrder">10</P>
    <P Name="Src">469#out:1</P>
    <P Name="Points">[25, 0]</P>
    <P Name="Dst">471#in:1</P>
  </Line>
  <Line>
    <P Name="ZOrder">11</P>
    <P Name="Src">470#out:1</P>
    <P Name="Points">[25, 0]</P>
    <P Name="Dst">471#in:2</P>
  </Line>
  <Line>
    <P Name="ZOrder">12</P>
    <P Name="Src">472#out:1</P>
    <P Name="Dst">469#in:1</P>
  </Line>
  <Annotation SID="478">
    <P Name="Name">Denna del &quot;mäter&quot; tiden då motorn
är till, d.v.s. då verkningsgraden är
större än 1 %. Om den är 5 % antas
motorn stå still.</P>
    <P Name="Position">[64, 150, 225, 200]</P>
    <P Name="InternalMargins">[0, 0, 0, 0]</P>
    <P Name="ZOrder">-1</P>
  </Annotation>
</System>
