<?xml version="1.0" encoding="utf-8"?>
<System>
  <P Name="Location">[50, 5, 1476, 862]</P>
  <P Name="SystemRect">[0.000000, 0.000000, 0.000000, 0.000000]</P>
  <P Name="SetExecutionDomain">off</P>
  <P Name="ExecutionDomainType">Deduce</P>
  <P Name="PaperType">A4</P>
  <P Name="PaperUnits">centimeters</P>
  <P Name="TiledPaperMargins">[0.500000, 0.500000, 0.500000, 0.500000]</P>
  <P Name="SimulinkSubDomain">Simulink</P>
  <Block BlockType="Inport" Name="In" SID="250">
    <P Name="Position">[460, 223, 490, 237]</P>
    <P Name="ZOrder">-1</P>
  </Block>
  <Block BlockType="Inport" Name="Wem_new" SID="251">
    <P Name="Position">[50, 145, 80, 160]</P>
    <P Name="ZOrder">-2</P>
    <P Name="BlockRotation">270</P>
    <P Name="BlockMirror">on</P>
    <P Name="NameLocation">right</P>
    <P Name="Port">2</P>
  </Block>
  <Block BlockType="Abs" Name="Abs1" SID="252">
    <P Name="Position">[430, 167, 450, 193]</P>
    <P Name="ZOrder">-3</P>
    <P Name="NameLocation">top</P>
    <P Name="ShowName">off</P>
  </Block>
  <Block BlockType="Memory" Name="Memory2" SID="253">
    <P Name="Position">[340, 179, 360, 201]</P>
    <P Name="ZOrder">-4</P>
    <P Name="ShowName">off</P>
  </Block>
  <Block BlockType="Memory" Name="Memory4" SID="254">
    <P Name="Position">[275, 180, 295, 200]</P>
    <P Name="ZOrder">-5</P>
    <P Name="ShowName">off</P>
  </Block>
  <Block BlockType="DiscretePulseGenerator" Name="Pulse&#xA;Generator" SID="255">
    <P Name="Ports">[0, 1]</P>
    <P Name="Position">[145, 123, 190, 157]</P>
    <P Name="ZOrder">-6</P>
    <P Name="NameLocation">top</P>
    <P Name="Period">4</P>
    <P Name="PulseWidth">2</P>
    <P Name="SampleTime">0.1</P>
  </Block>
  <Block BlockType="Scope" Name="Scope1" SID="494">
    <P Name="Ports">[1]</P>
    <P Name="Position">[270, 19, 300, 51]</P>
    <P Name="ZOrder">2</P>
    <P Name="ScopeSpecificationString">C++SS(StrPVP(&apos;Location&apos;,&apos;[188, 390, 1168, 629]&apos;),StrPVP(&apos;Open&apos;,&apos;off&apos;),StrPVP(&apos;ZoomMode&apos;,&apos;xonly&apos;),MxPVP(&apos;AxesTitles&apos;,54,&apos;struct(&apos;&apos;axes1&apos;&apos;,&apos;&apos;%&lt;SignalLabel&gt;&apos;&apos;)&apos;),MxPVP(&apos;ScopeGraphics&apos;,57,&apos;struct(&apos;&apos;FigureColor&apos;&apos;,&apos;&apos;[0.5 0.5 0.5]&apos;&apos;,&apos;&apos;AxesColor&apos;&apos;,&apos;&apos;[0 0 0]&apos;&apos;,&apos;&apos;AxesTickColor&apos;&apos;,&apos;&apos;[1 1 1]&apos;&apos;,&apos;&apos;LineColors&apos;&apos;,&apos;&apos;[1 1 0;1 0 1;0 1 1;1 0 0;0 1 0;0 0 1]&apos;&apos;,&apos;&apos;LineStyles&apos;&apos;,&apos;&apos;-|-|-|-|-|-&apos;&apos;,&apos;&apos;LineWidths&apos;&apos;,&apos;&apos;[0.5 0.5 0.5 0.5 0.5 0.5]&apos;&apos;,&apos;&apos;MarkerStyles&apos;&apos;,&apos;&apos;none|none|none|none|none|none&apos;&apos;)&apos;),StrPVP(&apos;ShowLegends&apos;,&apos;off&apos;),StrPVP(&apos;SaveName&apos;,&apos;ScopeData13&apos;),StrPVP(&apos;DataFormat&apos;,&apos;StructureWithTime&apos;),StrPVP(&apos;BlockParamSampleTime&apos;,&apos;0&apos;),StrPVP(&apos;LimitDataPoints&apos;,&apos;on&apos;),StrPVP(&apos;Decimation&apos;,&apos;1&apos;),StrPVP(&apos;BlockParamSampleInput&apos;,&apos;off&apos;))</P>
    <P Name="NumInputPorts">1</P>
    <P Name="Floating">off</P>
  </Block>
  <Block BlockType="SubSystem" Name="Subsystem" SID="630">
    <P Name="Ports">[1, 1, 0, 1]</P>
    <P Name="Position">[505, 217, 585, 253]</P>
    <P Name="ZOrder">5</P>
    <P Name="RequestExecContextInheritance">off</P>
    <P Name="ContentPreviewEnabled">on</P>
    <System Ref="system_630"/>
  </Block>
  <Block BlockType="Sum" Name="Sum4" SID="256">
    <P Name="Ports">[3, 1]</P>
    <P Name="Position">[225, 152, 245, 228]</P>
    <P Name="ZOrder">-7</P>
    <P Name="ShowName">off</P>
    <P Name="IconShape">rectangular</P>
    <P Name="Inputs">+++</P>
    <P Name="SaturateOnIntegerOverflow">on</P>
  </Block>
  <Block BlockType="Sum" Name="Sum5" SID="257">
    <P Name="Ports">[2, 1]</P>
    <P Name="Position">[385, 162, 405, 198]</P>
    <P Name="ZOrder">-8</P>
    <P Name="ShowName">off</P>
    <P Name="IconShape">rectangular</P>
    <P Name="Inputs">+-</P>
    <P Name="SaturateOnIntegerOverflow">on</P>
  </Block>
  <Block BlockType="Relay" Name="w&lt;xx" SID="259">
    <P Name="Position">[150, 215, 180, 245]</P>
    <P Name="ZOrder">-10</P>
    <P Name="OnSwitchValue">wem_min*1.2</P>
    <P Name="OffSwitchValue">wem_min*1.1</P>
    <P Name="OnOutputValue">0</P>
    <P Name="OffOutputValue">1</P>
  </Block>
  <Block BlockType="Relay" Name="w&gt;yy" SID="260">
    <P Name="Position">[150, 165, 180, 195]</P>
    <P Name="ZOrder">-11</P>
    <P Name="OnSwitchValue">wem_max*0.66</P>
    <P Name="OffSwitchValue">wem_max*0.65</P>
  </Block>
  <Block BlockType="Outport" Name="Out" SID="261">
    <P Name="Position">[605, 223, 635, 237]</P>
    <P Name="ZOrder">-12</P>
    <P Name="VectorParamsAs1DForOutWhenUnconnected">off</P>
  </Block>
  <Line>
    <P Name="ZOrder">1</P>
    <P Name="Src">260#out:1</P>
    <P Name="Points">[25, 0]</P>
    <P Name="Dst">256#in:2</P>
  </Line>
  <Line>
    <P Name="ZOrder">2</P>
    <P Name="Src">259#out:1</P>
    <P Name="Points">[25, 0]</P>
    <P Name="Dst">256#in:3</P>
  </Line>
  <Line>
    <P Name="ZOrder">3</P>
    <P Name="Src">255#out:1</P>
    <P Name="Points">[13, 0]</P>
    <Branch>
      <P Name="ZOrder">4</P>
      <P Name="Points">[0, -105]</P>
      <P Name="Dst">494#in:1</P>
    </Branch>
    <Branch>
      <P Name="ZOrder">5</P>
      <P Name="Points">[2, 0]</P>
      <P Name="Dst">256#in:1</P>
    </Branch>
  </Line>
  <Line>
    <P Name="ZOrder">6</P>
    <P Name="Src">253#out:1</P>
    <P Name="Dst">257#in:2</P>
  </Line>
  <Line>
    <P Name="ZOrder">7</P>
    <P Name="Src">257#out:1</P>
    <P Name="Dst">252#in:1</P>
  </Line>
  <Line>
    <P Name="ZOrder">8</P>
    <P Name="Src">251#out:1</P>
    <P Name="Points">[-5, 0; 0, 15]</P>
    <Branch>
      <P Name="ZOrder">9</P>
      <P Name="Dst">260#in:1</P>
    </Branch>
    <Branch>
      <P Name="ZOrder">10</P>
      <P Name="Points">[0, 50]</P>
      <P Name="Dst">259#in:1</P>
    </Branch>
  </Line>
  <Line>
    <P Name="ZOrder">20</P>
    <P Name="Src">250#out:1</P>
    <P Name="Points">[3, 0; 0, -18; -62, 0; 0, 23]</P>
    <P Name="Dst">630#in:1</P>
  </Line>
  <Line>
    <P Name="ZOrder">21</P>
    <P Name="Src">630#out:1</P>
    <P Name="Points">[0, 0]</P>
    <P Name="Dst">261#in:1</P>
  </Line>
  <Line>
    <P Name="ZOrder">13</P>
    <P Name="Src">254#out:1</P>
    <P Name="Points">[16, 0]</P>
    <Branch>
      <P Name="ZOrder">14</P>
      <P Name="Points">[0, -20]</P>
      <P Name="Dst">257#in:1</P>
    </Branch>
    <Branch>
      <P Name="ZOrder">15</P>
      <P Name="Dst">253#in:1</P>
    </Branch>
  </Line>
  <Line>
    <P Name="ZOrder">16</P>
    <P Name="Src">256#out:1</P>
    <P Name="Dst">254#in:1</P>
  </Line>
  <Line>
    <P Name="ZOrder">22</P>
    <P Name="Src">252#out:1</P>
    <P Name="Points">[90, 0]</P>
    <P Name="Dst">630#trigger</P>
  </Line>
</System>
