<?xml version="1.0" encoding="utf-8"?>
<System>
  <P Name="Location">[-1927, -554, 7, 500]</P>
  <P Name="SystemRect">[0.000000, 0.000000, 0.000000, 0.000000]</P>
  <P Name="SetExecutionDomain">off</P>
  <P Name="ExecutionDomainType">Deduce</P>
  <P Name="PaperType">A4</P>
  <P Name="PaperUnits">centimeters</P>
  <P Name="TiledPaperMargins">[0.500000, 0.500000, 0.500000, 0.500000]</P>
  <P Name="ZoomFactor">175</P>
  <P Name="SimulinkSubDomain">Simulink</P>
  <Block BlockType="Inport" Name="Tem" SID="192">
    <P Name="Position">[20, 127, 50, 143]</P>
    <P Name="ZOrder">-2</P>
  </Block>
  <Block BlockType="Inport" Name="utvx" SID="193">
    <P Name="Position">[20, 83, 50, 97]</P>
    <P Name="ZOrder">-3</P>
    <P Name="NameLocation">top</P>
    <P Name="Port">2</P>
  </Block>
  <Block BlockType="Inport" Name="Tbrake" SID="194">
    <P Name="Position">[20, 178, 50, 192]</P>
    <P Name="ZOrder">-4</P>
    <P Name="Port">3</P>
  </Block>
  <Block BlockType="Inport" Name="Froad" SID="195">
    <P Name="Position">[20, 18, 50, 32]</P>
    <P Name="ZOrder">-5</P>
    <P Name="NameLocation">top</P>
    <P Name="Port">4</P>
  </Block>
  <Block BlockType="Product" Name="Brake power" SID="196">
    <P Name="Ports">[2, 1]</P>
    <P Name="Position">[750, 177, 780, 208]</P>
    <P Name="ZOrder">-6</P>
    <P Name="InputSameDT">on</P>
    <P Name="OutDataTypeStr">Inherit: Same as first input</P>
    <P Name="SaturateOnIntegerOverflow">on</P>
  </Block>
  <Block BlockType="Clock" Name="Clock" SID="534">
    <P Name="Position">[755, 275, 775, 295]</P>
    <P Name="ZOrder">17</P>
    <P Name="NameLocation">top</P>
  </Block>
  <Block BlockType="Constant" Name="Constant3" SID="197">
    <P Name="Position">[25, 298, 70, 312]</P>
    <P Name="ZOrder">-7</P>
    <P Name="ForegroundColor">blue</P>
    <P Name="ShowName">off</P>
    <P Name="Value">Mv</P>
  </Block>
  <Block BlockType="Product" Name="Drive Power" SID="198">
    <P Name="Ports">[2, 1]</P>
    <P Name="Position">[750, 77, 780, 108]</P>
    <P Name="ZOrder">-8</P>
    <P Name="InputSameDT">on</P>
    <P Name="OutDataTypeStr">Inherit: Same as first input</P>
    <P Name="SaturateOnIntegerOverflow">on</P>
  </Block>
  <Block BlockType="Sum" Name="F tot*" SID="199">
    <P Name="Ports">[2, 1]</P>
    <P Name="Position">[340, 109, 360, 191]</P>
    <P Name="ZOrder">-9</P>
    <P Name="IconShape">rectangular</P>
    <P Name="InputSameDT">on</P>
    <P Name="OutDataTypeStr">Inherit: Same as first input</P>
    <P Name="SaturateOnIntegerOverflow">on</P>
  </Block>
  <Block BlockType="Scope" Name="Forces" SID="200">
    <P Name="Ports">[3]</P>
    <P Name="Position">[760, 364, 790, 396]</P>
    <P Name="ZOrder">-10</P>
    <P Name="ScopeSpecificationString">C++SS(StrPVP(&apos;Location&apos;,&apos;[60, 67, 694, 618]&apos;),StrPVP(&apos;Open&apos;,&apos;off&apos;),StrPVP(&apos;ZoomMode&apos;,&apos;xonly&apos;),MxPVP(&apos;AxesTitles&apos;,54,&apos;struct(&apos;&apos;axes1&apos;&apos;,&apos;&apos;Speed [m/s]&apos;&apos;,&apos;&apos;axes2&apos;&apos;,&apos;&apos;Altitude [m]&apos;&apos;,&apos;&apos;axes3&apos;&apos;,&apos;&apos;Linear Forces [N]&apos;&apos;)&apos;),StrPVP(&apos;ShowLegends&apos;,&apos;off&apos;),StrPVP(&apos;YMin&apos;,&apos;0~-5~-5&apos;),StrPVP(&apos;YMax&apos;,&apos;500000~5~5&apos;),StrPVP(&apos;SaveName&apos;,&apos;ScopeData4&apos;),StrPVP(&apos;DataFormat&apos;,&apos;StructureWithTime&apos;),StrPVP(&apos;LimitDataPoints&apos;,&apos;off&apos;),StrPVP(&apos;BlockParamSampleTime&apos;,&apos;0&apos;),StrPVP(&apos;Decimation&apos;,&apos;1&apos;),StrPVP(&apos;BlockParamSampleInput&apos;,&apos;off&apos;))</P>
    <P Name="NumInputPorts">3</P>
    <P Name="Floating">off</P>
  </Block>
  <Block BlockType="Product" Name="Friktion power" SID="201">
    <P Name="Ports">[2, 1]</P>
    <P Name="Position">[750, 17, 780, 48]</P>
    <P Name="ZOrder">-11</P>
    <P Name="InputSameDT">on</P>
    <P Name="OutDataTypeStr">Inherit: Same as first input</P>
    <P Name="SaturateOnIntegerOverflow">on</P>
  </Block>
  <Block BlockType="From" Name="From1" SID="203">
    <P Name="Position">[600, 331, 650, 359]</P>
    <P Name="ZOrder">-13</P>
    <P Name="CloseFcn">tagdialog Close</P>
    <P Name="GotoTag">Altitude</P>
    <P Name="IconDisplay">Tag and signal name</P>
    <P Name="TagVisibility">global</P>
  </Block>
  <Block BlockType="Sum" Name="Ftot" SID="204">
    <P Name="Ports">[2, 1]</P>
    <P Name="Position">[520, 96, 540, 169]</P>
    <P Name="ZOrder">-14</P>
    <P Name="IconShape">rectangular</P>
    <P Name="InputSameDT">on</P>
    <P Name="OutDataTypeStr">Inherit: Same as first input</P>
    <P Name="SaturateOnIntegerOverflow">on</P>
  </Block>
  <Block BlockType="Mux" Name="Mux" SID="205">
    <P Name="Ports">[3, 1]</P>
    <P Name="Position">[540, 326, 555, 454]</P>
    <P Name="ZOrder">-15</P>
    <P Name="ShowName">off</P>
    <P Name="Inputs">3</P>
    <P Name="DisplayOption">bar</P>
  </Block>
  <Block BlockType="Mux" Name="Mux1" SID="535">
    <P Name="Ports">[2, 1]</P>
    <P Name="Position">[800, 276, 805, 314]</P>
    <P Name="ZOrder">16</P>
    <P Name="ForegroundColor">gray</P>
    <P Name="ShowName">off</P>
    <P Name="Inputs">2</P>
    <P Name="DisplayOption">bar</P>
  </Block>
  <Block BlockType="ToWorkspace" Name="To Workspace1" SID="526">
    <P Name="Ports">[1]</P>
    <P Name="Position">[860, 280, 920, 310]</P>
    <P Name="ZOrder">5</P>
    <P Name="VariableName">Alt</P>
    <P Name="MaxDataPoints">inf</P>
    <P Name="SampleTime">-1</P>
  </Block>
  <Block BlockType="Gain" Name="Torque-Force1" SID="208">
    <P Name="Position">[235, 155, 285, 185]</P>
    <P Name="ZOrder">-18</P>
    <P Name="Gain">1/rw</P>
    <P Name="ParamDataTypeStr">Inherit: Same as input</P>
    <P Name="OutDataTypeStr">Inherit: Same as input</P>
    <P Name="SaturateOnIntegerOverflow">on</P>
  </Block>
  <Block BlockType="Gain" Name="Torque-Force2" SID="209">
    <P Name="Position">[235, 115, 285, 145]</P>
    <P Name="ZOrder">-19</P>
    <P Name="NameLocation">top</P>
    <P Name="Gain">1/rw</P>
    <P Name="ParamDataTypeStr">Inherit: Same as input</P>
    <P Name="OutDataTypeStr">Inherit: Same as input</P>
    <P Name="SaturateOnIntegerOverflow">on</P>
  </Block>
  <Block BlockType="Product" Name="Twheel" SID="211">
    <P Name="Ports">[2, 1]</P>
    <P Name="Position">[150, 112, 180, 143]</P>
    <P Name="ZOrder">-21</P>
    <P Name="InputSameDT">on</P>
    <P Name="OutDataTypeStr">Inherit: Same as first input</P>
    <P Name="SaturateOnIntegerOverflow">on</P>
  </Block>
  <Block BlockType="Product" Name="Twheel1" SID="212">
    <P Name="Ports">[2, 1]</P>
    <P Name="Position">[585, 127, 615, 158]</P>
    <P Name="ZOrder">-22</P>
    <P Name="ShowName">off</P>
    <P Name="Inputs">*/</P>
    <P Name="InputSameDT">on</P>
    <P Name="OutDataTypeStr">Inherit: Same as first input</P>
    <P Name="SaturateOnIntegerOverflow">on</P>
  </Block>
  <Block BlockType="Integrator" Name="acc-&gt;speed" SID="214">
    <P Name="Ports">[1, 1]</P>
    <P Name="Position">[635, 130, 665, 160]</P>
    <P Name="ZOrder">-24</P>
    <P Name="LimitOutput">on</P>
    <P Name="LowerSaturationLimit">0</P>
  </Block>
  <Block BlockType="Outport" Name="v" SID="216">
    <P Name="Position">[825, 138, 855, 152]</P>
    <P Name="ZOrder">-26</P>
    <P Name="InitialOutput">0</P>
    <P Name="VectorParamsAs1DForOutWhenUnconnected">off</P>
  </Block>
  <Block BlockType="Outport" Name="Ptraction" SID="217">
    <P Name="Position">[825, 88, 855, 102]</P>
    <P Name="ZOrder">-27</P>
    <P Name="Port">2</P>
    <P Name="InitialOutput">0</P>
    <P Name="VectorParamsAs1DForOutWhenUnconnected">off</P>
  </Block>
  <Block BlockType="Outport" Name="Pfriction" SID="218">
    <P Name="Position">[825, 28, 855, 42]</P>
    <P Name="ZOrder">-28</P>
    <P Name="Port">3</P>
    <P Name="InitialOutput">0</P>
    <P Name="VectorParamsAs1DForOutWhenUnconnected">off</P>
  </Block>
  <Block BlockType="Outport" Name="Pbrake" SID="219">
    <P Name="Position">[825, 188, 855, 202]</P>
    <P Name="ZOrder">-29</P>
    <P Name="Port">4</P>
    <P Name="InitialOutput">0</P>
    <P Name="VectorParamsAs1DForOutWhenUnconnected">off</P>
  </Block>
  <Line>
    <P Name="ZOrder">1</P>
    <P Name="Src">212#out:1</P>
    <P Name="Dst">214#in:1</P>
  </Line>
  <Line>
    <P Name="ZOrder">2</P>
    <P Name="Src">214#out:1</P>
    <P Name="Points">[35, 0]</P>
    <Branch>
      <P Name="ZOrder">60</P>
      <P Name="Points">[0, -45]</P>
      <Branch>
        <P Name="ZOrder">4</P>
        <P Name="Points">[0, -60]</P>
        <P Name="Dst">201#in:2</P>
      </Branch>
      <Branch>
        <P Name="ZOrder">5</P>
        <P Name="Dst">198#in:2</P>
      </Branch>
    </Branch>
    <Branch>
      <P Name="ZOrder">56</P>
      <P Name="Points">[0, 40]</P>
      <Branch>
        <P Name="ZOrder">7</P>
        <P Name="Dst">196#in:1</P>
      </Branch>
      <Branch>
        <P Name="ZOrder">8</P>
        <P Name="Points">[0, 185]</P>
        <P Name="Dst">200#in:1</P>
      </Branch>
    </Branch>
    <Branch>
      <P Name="ZOrder">9</P>
      <P Name="Dst">216#in:1</P>
    </Branch>
  </Line>
  <Line>
    <P Name="ZOrder">10</P>
    <P Name="Src">194#out:1</P>
    <P Name="Points">[165, 0]</P>
    <P Name="Dst">208#in:1</P>
  </Line>
  <Line>
    <P Name="ZOrder">11</P>
    <P Name="Src">199#out:1</P>
    <P Name="Dst">204#in:2</P>
  </Line>
  <Line>
    <P Name="ZOrder">12</P>
    <P Name="Src">204#out:1</P>
    <P Name="Dst">212#in:1</P>
  </Line>
  <Line>
    <P Name="ZOrder">13</P>
    <P Name="Src">195#out:1</P>
    <P Name="Points">[435, 0]</P>
    <Branch>
      <P Name="ZOrder">14</P>
      <P Name="Points">[15, 0]</P>
      <Branch>
        <P Name="ZOrder">15</P>
        <P Name="Dst">204#in:1</P>
      </Branch>
      <Branch>
        <P Name="ZOrder">16</P>
        <P Name="Dst">201#in:1</P>
      </Branch>
    </Branch>
    <Branch>
      <P Name="ZOrder">17</P>
      <P Name="Points">[0, 325]</P>
      <P Name="Dst">205#in:1</P>
    </Branch>
  </Line>
  <Line>
    <P Name="ZOrder">18</P>
    <P Name="Src">201#out:1</P>
    <P Name="Dst">218#in:1</P>
  </Line>
  <Line>
    <P Name="ZOrder">19</P>
    <P Name="Src">197#out:1</P>
    <P Name="Points">[488, 0; 0, -155]</P>
    <P Name="Dst">212#in:2</P>
  </Line>
  <Line>
    <P Name="ZOrder">28</P>
    <P Name="Src">203#out:1</P>
    <P Name="Points">[0, 35; 76, 0]</P>
    <Branch>
      <P Name="ZOrder">29</P>
      <P Name="Points">[0, -75]</P>
      <P Name="Dst">535#in:2</P>
    </Branch>
    <Branch>
      <P Name="ZOrder">30</P>
      <P Name="Dst">200#in:2</P>
    </Branch>
  </Line>
  <Line>
    <P Name="ZOrder">31</P>
    <P Name="Src">205#out:1</P>
    <P Name="Dst">200#in:3</P>
  </Line>
  <Line>
    <P Name="ZOrder">32</P>
    <P Name="Src">198#out:1</P>
    <P Name="Dst">217#in:1</P>
  </Line>
  <Line>
    <P Name="ZOrder">33</P>
    <P Name="Src">208#out:1</P>
    <P Name="Points">[10, 0]</P>
    <Branch>
      <P Name="ZOrder">63</P>
      <P Name="Dst">199#in:2</P>
    </Branch>
    <Branch>
      <P Name="ZOrder">35</P>
      <P Name="Points">[0, 30; 139, 0]</P>
      <Branch>
        <P Name="ZOrder">53</P>
        <P Name="Dst">196#in:2</P>
      </Branch>
      <Branch>
        <P Name="ZOrder">37</P>
        <P Name="Points">[0, 230]</P>
        <P Name="Dst">205#in:3</P>
      </Branch>
    </Branch>
  </Line>
  <Line>
    <P Name="ZOrder">38</P>
    <P Name="Src">209#out:1</P>
    <P Name="Points">[15, 0]</P>
    <Branch>
      <P Name="ZOrder">68</P>
      <P Name="Points">[0, -75; 160, 0]</P>
      <Branch>
        <P Name="ZOrder">41</P>
        <P Name="Points">[200, 0; 0, 30]</P>
        <P Name="Dst">198#in:1</P>
      </Branch>
      <Branch>
        <P Name="ZOrder">42</P>
        <P Name="Points">[0, 335]</P>
        <P Name="Dst">205#in:2</P>
      </Branch>
    </Branch>
    <Branch>
      <P Name="ZOrder">39</P>
      <P Name="Dst">199#in:1</P>
    </Branch>
  </Line>
  <Line>
    <P Name="ZOrder">43</P>
    <P Name="Src">196#out:1</P>
    <P Name="Dst">219#in:1</P>
  </Line>
  <Line>
    <P Name="ZOrder">44</P>
    <P Name="Src">211#out:1</P>
    <P Name="Dst">209#in:1</P>
  </Line>
  <Line>
    <P Name="ZOrder">45</P>
    <P Name="Src">193#out:1</P>
    <P Name="Points">[80, 0]</P>
    <P Name="Dst">211#in:1</P>
  </Line>
  <Line>
    <P Name="ZOrder">48</P>
    <P Name="Src">192#out:1</P>
    <P Name="Dst">211#in:2</P>
  </Line>
  <Line>
    <P Name="ZOrder">51</P>
    <P Name="Src">534#out:1</P>
    <P Name="Dst">535#in:1</P>
  </Line>
  <Line>
    <P Name="ZOrder">52</P>
    <P Name="Src">535#out:1</P>
    <P Name="Dst">526#in:1</P>
  </Line>
  <Annotation SID="220">
    <P Name="Name">road</P>
    <P Name="Position">[499, 328, 520, 342]</P>
    <P Name="InternalMargins">[0, 0, 0, 0]</P>
    <P Name="ZOrder">-1</P>
  </Annotation>
  <Annotation SID="221">
    <P Name="Name">drive</P>
    <P Name="Position">[501, 372, 524, 386]</P>
    <P Name="InternalMargins">[0, 0, 0, 0]</P>
    <P Name="ZOrder">-2</P>
  </Annotation>
  <Annotation SID="222">
    <P Name="Name">brake</P>
    <P Name="Position">[498, 413, 524, 427]</P>
    <P Name="InternalMargins">[0, 0, 0, 0]</P>
    <P Name="ZOrder">-3</P>
  </Annotation>
</System>
