<?xml version="1.0" encoding="utf-8"?>
<System>
  <P Name="Location">[50, 5, 1476, 862]</P>
  <P Name="SystemRect">[0.000000, 0.000000, 0.000000, 0.000000]</P>
  <P Name="SetExecutionDomain">off</P>
  <P Name="ExecutionDomainType">Deduce</P>
  <P Name="TiledPaperMargins">[0.500000, 0.500000, 0.500000, 0.500000]</P>
  <P Name="SimulinkSubDomain">Simulink</P>
  <Block BlockType="Inport" Name="In1" SID="631">
    <P Name="Position">[20, 28, 50, 42]</P>
    <P Name="ZOrder">4</P>
  </Block>
  <Block BlockType="TriggerPort" Name="Trigger" SID="629">
    <P Name="Ports">[]</P>
    <P Name="Position">[75, -20, 95, 0]</P>
    <P Name="ZOrder">6</P>
    <P Name="TriggerType">either</P>
    <P Name="VariantControl">Variant</P>
    <P Name="StatesWhenEnabling">held</P>
  </Block>
  <Block BlockType="ZeroOrderHold" Name="Zero-Order&#xA;Hold" SID="628">
    <P Name="Position">[70, 20, 105, 50]</P>
    <P Name="ZOrder">3</P>
    <P Name="SampleTime">-1</P>
  </Block>
  <Block BlockType="Outport" Name="Out1" SID="632">
    <P Name="Position">[125, 28, 155, 42]</P>
    <P Name="ZOrder">5</P>
  </Block>
  <Line>
    <P Name="ZOrder">20</P>
    <P Name="Src">631#out:1</P>
    <P Name="Dst">628#in:1</P>
  </Line>
  <Line>
    <P Name="ZOrder">21</P>
    <P Name="Src">628#out:1</P>
    <P Name="Dst">632#in:1</P>
  </Line>
</System>
