<?xml version="1.0" encoding="utf-8"?>
<System>
  <P Name="Location">[64, 52, 940, 402]</P>
  <P Name="SystemRect">[0.000000, 0.000000, 0.000000, 0.000000]</P>
  <P Name="SetExecutionDomain">off</P>
  <P Name="ExecutionDomainType">Deduce</P>
  <P Name="SimulinkSubDomain">Simulink</P>
  <Block BlockType="Inport" Name="Rows" SID="93">
    <P Name="Position">[25, 33, 55, 47]</P>
    <P Name="ZOrder">-1</P>
  </Block>
  <Block BlockType="Inport" Name="Cols" SID="94">
    <P Name="Position">[25, 63, 55, 77]</P>
    <P Name="ZOrder">-2</P>
    <P Name="Port">2</P>
  </Block>
  <Block BlockType="Lookup2D" Name="Look-Up&#xA;Table (2-D)" SID="95">
    <P Name="Position">[90, 26, 155, 84]</P>
    <P Name="ZOrder">-3</P>
    <P Name="ShowName">off</P>
    <P Name="RowIndex">x</P>
    <P Name="ColumnIndex">y</P>
    <P Name="Table">t</P>
  </Block>
  <Block BlockType="Outport" Name="Out1" SID="96">
    <P Name="Position">[190, 48, 220, 62]</P>
    <P Name="ZOrder">-4</P>
    <P Name="VectorParamsAs1DForOutWhenUnconnected">off</P>
  </Block>
  <Line>
    <P Name="ZOrder">1</P>
    <P Name="Src">93#out:1</P>
    <P Name="Dst">95#in:1</P>
  </Line>
  <Line>
    <P Name="ZOrder">2</P>
    <P Name="Src">94#out:1</P>
    <P Name="Dst">95#in:2</P>
  </Line>
  <Line>
    <P Name="ZOrder">3</P>
    <P Name="Src">95#out:1</P>
    <P Name="Dst">96#in:1</P>
  </Line>
</System>
