<?xml version="1.0" encoding="utf-8"?>
<System>
  <P Name="Location">[439, 129, 943, 596]</P>
  <P Name="SystemRect">[0.000000, 0.000000, 0.000000, 0.000000]</P>
  <P Name="SetExecutionDomain">off</P>
  <P Name="ExecutionDomainType">Deduce</P>
  <P Name="PaperType">A4</P>
  <P Name="PaperUnits">centimeters</P>
  <P Name="TiledPaperMargins">[0.500000, 0.500000, 0.500000, 0.500000]</P>
  <P Name="SimulinkSubDomain">Simulink</P>
  <Block BlockType="TriggerPort" Name="Trigger" SID="267">
    <P Name="Ports">[]</P>
    <P Name="Position">[35, 125, 55, 145]</P>
    <P Name="ZOrder">-1</P>
    <P Name="TriggerType">either</P>
    <P Name="VariantControl">Variant</P>
  </Block>
  <Block BlockType="Constant" Name="Constant" SID="268">
    <P Name="Position">[45, 66, 70, 84]</P>
    <P Name="ZOrder">-2</P>
    <P Name="ShowName">off</P>
  </Block>
  <Block BlockType="Memory" Name="Memory" SID="269">
    <P Name="Position">[100, 150, 130, 180]</P>
    <P Name="ZOrder">-3</P>
    <P Name="BlockMirror">on</P>
    <P Name="NameLocation">top</P>
    <P Name="ShowName">off</P>
    <P Name="InheritSampleTime">on</P>
  </Block>
  <Block BlockType="Sum" Name="Sum" SID="270">
    <P Name="Ports">[2, 1]</P>
    <P Name="Position">[110, 110, 130, 130]</P>
    <P Name="ZOrder">-4</P>
    <P Name="ShowName">off</P>
    <P Name="IconShape">rectangular</P>
    <P Name="InputSameDT">on</P>
    <P Name="OutDataTypeStr">Inherit: Same as first input</P>
    <P Name="SaturateOnIntegerOverflow">on</P>
  </Block>
  <Block BlockType="Outport" Name="Out1" SID="271">
    <P Name="Position">[180, 118, 210, 132]</P>
    <P Name="ZOrder">-5</P>
    <P Name="VectorParamsAs1DForOutWhenUnconnected">off</P>
  </Block>
  <Line>
    <P Name="ZOrder">1</P>
    <P Name="Src">270#out:1</P>
    <P Name="Points">[0, 5; 15, 0]</P>
    <Branch>
      <P Name="ZOrder">2</P>
      <P Name="Points">[0, 40]</P>
      <P Name="Dst">269#in:1</P>
    </Branch>
    <Branch>
      <P Name="ZOrder">3</P>
      <P Name="Dst">271#in:1</P>
    </Branch>
  </Line>
  <Line>
    <P Name="ZOrder">4</P>
    <P Name="Src">269#out:1</P>
    <P Name="Points">[-10, 0; 0, -40]</P>
    <P Name="Dst">270#in:2</P>
  </Line>
  <Line>
    <P Name="ZOrder">5</P>
    <P Name="Src">268#out:1</P>
    <P Name="Points">[20, 0]</P>
    <P Name="Dst">270#in:1</P>
  </Line>
</System>
