<?xml version="1.0" encoding="utf-8"?>
<System>
  <P Name="Location">[-1927, -554, 7, 500]</P>
  <P Name="SystemRect">[0.000000, 0.000000, 0.000000, 0.000000]</P>
  <P Name="SetExecutionDomain">off</P>
  <P Name="ExecutionDomainType">Deduce</P>
  <P Name="ZoomFactor">299</P>
  <P Name="SimulinkSubDomain">Simulink</P>
  <Block BlockType="Inport" Name="v " SID="383">
    <P Name="Position">[25, 43, 55, 57]</P>
    <P Name="ZOrder">-1</P>
    <P Name="NameLocation">top</P>
  </Block>
  <Block BlockType="Abs" Name="Abs" SID="384">
    <P Name="Position">[100, 39, 125, 61]</P>
    <P Name="ZOrder">-2</P>
    <P Name="NameLocation">top</P>
  </Block>
  <Block BlockType="Gain" Name="Bromsande kraft" SID="385">
    <P Name="Position">[385, 150, 415, 180]</P>
    <P Name="ZOrder">-3</P>
    <P Name="ShowName">off</P>
    <P Name="Gain">-1</P>
    <P Name="ParamDataTypeStr">Inherit: Same as input</P>
    <P Name="OutDataTypeStr">Inherit: Same as input</P>
    <P Name="SaturateOnIntegerOverflow">on</P>
  </Block>
  <Block BlockType="Gain" Name="Bromsande kraft1" SID="386">
    <P Name="Position">[235, 75, 265, 105]</P>
    <P Name="ZOrder">-4</P>
    <P Name="ShowName">off</P>
    <P Name="Gain">1/2</P>
    <P Name="ParamDataTypeStr">Inherit: Same as input</P>
    <P Name="OutDataTypeStr">Inherit: Same as input</P>
    <P Name="SaturateOnIntegerOverflow">on</P>
  </Block>
  <Block BlockType="Constant" Name="Constant13" SID="387">
    <P Name="Position">[25, 83, 105, 97]</P>
    <P Name="ZOrder">-5</P>
    <P Name="ShowName">off</P>
    <P Name="Value">rho_air</P>
  </Block>
  <Block BlockType="Constant" Name="Constant14" SID="388">
    <P Name="Position">[25, 182, 105, 198]</P>
    <P Name="ZOrder">-6</P>
    <P Name="ShowName">off</P>
    <P Name="Value">grav</P>
  </Block>
  <Block BlockType="Constant" Name="Constant15" SID="389">
    <P Name="Position">[25, 161, 105, 179]</P>
    <P Name="ZOrder">-7</P>
    <P Name="ShowName">off</P>
    <P Name="Value">Mv</P>
  </Block>
  <Block BlockType="Constant" Name="Constant16" SID="390">
    <P Name="Position">[25, 101, 105, 119]</P>
    <P Name="ZOrder">-8</P>
    <P Name="ShowName">off</P>
    <P Name="Value">Cd</P>
  </Block>
  <Block BlockType="Constant" Name="Constant18" SID="391">
    <P Name="Position">[25, 141, 105, 159]</P>
    <P Name="ZOrder">-9</P>
    <P Name="ShowName">off</P>
    <P Name="Value">Cr</P>
  </Block>
  <Block BlockType="Constant" Name="Constant19" SID="392">
    <P Name="Position">[25, 122, 105, 138]</P>
    <P Name="ZOrder">-10</P>
    <P Name="ShowName">off</P>
    <P Name="Value">Av</P>
  </Block>
  <Block BlockType="From" Name="From" SID="633">
    <P Name="Position">[25, 251, 75, 279]</P>
    <P Name="ZOrder">4</P>
    <P Name="CloseFcn">tagdialog Close</P>
    <P Name="GotoTag">Slope</P>
    <P Name="IconDisplay">Tag and signal name</P>
    <P Name="TagVisibility">global</P>
  </Block>
  <Block BlockType="Product" Name="Product1" SID="393">
    <P Name="Ports">[2, 1]</P>
    <P Name="Position">[255, 147, 285, 178]</P>
    <P Name="ZOrder">-11</P>
    <P Name="ShowName">off</P>
    <P Name="InputSameDT">on</P>
    <P Name="OutDataTypeStr">Inherit: Same as first input</P>
    <P Name="SaturateOnIntegerOverflow">on</P>
  </Block>
  <Block BlockType="Saturate" Name="Saturation2" SID="394">
    <P Name="Position">[215, 145, 235, 165]</P>
    <P Name="ZOrder">-12</P>
    <P Name="NameLocation">top</P>
    <P Name="ShowName">off</P>
    <P Name="UpperLimit">1</P>
    <P Name="LowerLimit">-1</P>
  </Block>
  <Block BlockType="Sum" Name="Sum1" SID="395">
    <P Name="Ports">[3, 1]</P>
    <P Name="Position">[330, 149, 360, 181]</P>
    <P Name="ZOrder">-13</P>
    <P Name="ShowName">off</P>
    <P Name="IconShape">rectangular</P>
    <P Name="Inputs">+++</P>
    <P Name="InputSameDT">on</P>
    <P Name="OutDataTypeStr">Inherit: Same as first input</P>
    <P Name="SaturateOnIntegerOverflow">on</P>
  </Block>
  <Block BlockType="Trigonometry" Name="Trigonometric&#xA;Function" SID="634">
    <P Name="Ports">[1, 1]</P>
    <P Name="Position">[95, 250, 125, 280]</P>
    <P Name="ZOrder">3</P>
  </Block>
  <Block BlockType="Product" Name="Twheel2" SID="635">
    <P Name="Ports">[2, 1]</P>
    <P Name="Position">[265, 242, 295, 273]</P>
    <P Name="ZOrder">2</P>
    <P Name="ShowName">off</P>
    <P Name="HideAutomaticName">off</P>
    <P Name="Inputs">**</P>
    <P Name="InputSameDT">on</P>
    <P Name="OutDataTypeStr">Inherit: Same as first input</P>
    <P Name="SaturateOnIntegerOverflow">on</P>
  </Block>
  <Block BlockType="Product" Name="air resistance" SID="396">
    <P Name="Ports">[5, 1]</P>
    <P Name="Position">[155, 42, 180, 138]</P>
    <P Name="ZOrder">-14</P>
    <P Name="NameLocation">top</P>
    <P Name="Inputs">5</P>
    <P Name="InputSameDT">on</P>
    <P Name="OutDataTypeStr">Inherit: Same as first input</P>
    <P Name="SaturateOnIntegerOverflow">on</P>
  </Block>
  <Block BlockType="Gain" Name="g" SID="636">
    <P Name="Position">[155, 219, 205, 251]</P>
    <P Name="ZOrder">1</P>
    <P Name="Gain">9.81</P>
    <P Name="ParamDataTypeStr">Inherit: Same as input</P>
    <P Name="OutDataTypeStr">Inherit: Same as input</P>
    <P Name="SaturateOnIntegerOverflow">on</P>
  </Block>
  <Block BlockType="Product" Name="roll resistance" SID="397">
    <P Name="Ports">[3, 1]</P>
    <P Name="Position">[155, 141, 180, 199]</P>
    <P Name="ZOrder">-15</P>
    <P Name="Inputs">3</P>
    <P Name="InputSameDT">on</P>
    <P Name="OutDataTypeStr">Inherit: Same as first input</P>
    <P Name="SaturateOnIntegerOverflow">on</P>
  </Block>
  <Block BlockType="Outport" Name="Froad" SID="398">
    <P Name="Position">[445, 158, 475, 172]</P>
    <P Name="ZOrder">-16</P>
    <P Name="InitialOutput">0</P>
    <P Name="VectorParamsAs1DForOutWhenUnconnected">off</P>
  </Block>
  <Line>
    <P Name="ZOrder">1</P>
    <P Name="Src">384#out:1</P>
    <P Name="Dst">396#in:1</P>
  </Line>
  <Line>
    <P Name="ZOrder">3</P>
    <P Name="Src">391#out:1</P>
    <P Name="Dst">397#in:1</P>
  </Line>
  <Line>
    <P Name="ZOrder">4</P>
    <P Name="Src">392#out:1</P>
    <P Name="Dst">396#in:5</P>
  </Line>
  <Line>
    <P Name="ZOrder">5</P>
    <P Name="Src">390#out:1</P>
    <P Name="Dst">396#in:4</P>
  </Line>
  <Line>
    <P Name="ZOrder">6</P>
    <P Name="Src">387#out:1</P>
    <P Name="Dst">396#in:3</P>
  </Line>
  <Line>
    <P Name="ZOrder">7</P>
    <P Name="Src">388#out:1</P>
    <P Name="Dst">397#in:3</P>
  </Line>
  <Line>
    <P Name="ZOrder">8</P>
    <P Name="Src">393#out:1</P>
    <P Name="Dst">395#in:2</P>
  </Line>
  <Line>
    <P Name="ZOrder">9</P>
    <P Name="Src">396#out:1</P>
    <P Name="Dst">386#in:1</P>
  </Line>
  <Line>
    <P Name="ZOrder">10</P>
    <P Name="Src">394#out:1</P>
    <P Name="Dst">393#in:1</P>
  </Line>
  <Line>
    <P Name="ZOrder">11</P>
    <P Name="Src">397#out:1</P>
    <P Name="Dst">393#in:2</P>
  </Line>
  <Line>
    <P Name="ZOrder">12</P>
    <P Name="Src">395#out:1</P>
    <P Name="Dst">385#in:1</P>
  </Line>
  <Line>
    <P Name="ZOrder">13</P>
    <P Name="Src">383#out:1</P>
    <P Name="Points">[15, 0]</P>
    <Branch>
      <P Name="ZOrder">14</P>
      <P Name="Dst">384#in:1</P>
    </Branch>
    <Branch>
      <P Name="ZOrder">15</P>
      <P Name="Points">[0, -35; 125, 0]</P>
      <P Name="Dst">394#in:1</P>
    </Branch>
    <Branch>
      <P Name="ZOrder">16</P>
      <P Name="Points">[0, 20]</P>
      <P Name="Dst">396#in:2</P>
    </Branch>
  </Line>
  <Line>
    <P Name="ZOrder">17</P>
    <P Name="Src">385#out:1</P>
    <P Name="Dst">398#in:1</P>
  </Line>
  <Line>
    <P Name="ZOrder">18</P>
    <P Name="Src">386#out:1</P>
    <P Name="Points">[38, 0; 0, 65]</P>
    <P Name="Dst">395#in:1</P>
  </Line>
  <Line>
    <P Name="ZOrder">19</P>
    <P Name="Src">634#out:1</P>
    <P Name="Dst">635#in:2</P>
  </Line>
  <Line>
    <P Name="ZOrder">2</P>
    <P Name="Src">389#out:1</P>
    <P Name="Points">[25, 0]</P>
    <Branch>
      <P Name="ZOrder">28</P>
      <P Name="Points">[0, 65]</P>
      <P Name="Dst">636#in:1</P>
    </Branch>
    <Branch>
      <P Name="ZOrder">27</P>
      <P Name="Dst">397#in:2</P>
    </Branch>
  </Line>
  <Line>
    <P Name="ZOrder">21</P>
    <P Name="Src">633#out:1</P>
    <P Name="Dst">634#in:1</P>
  </Line>
  <Line>
    <P Name="ZOrder">26</P>
    <P Name="Src">635#out:1</P>
    <P Name="Points">[10, 0; 0, -85]</P>
    <P Name="Dst">395#in:3</P>
  </Line>
  <Line>
    <P Name="ZOrder">29</P>
    <P Name="Src">636#out:1</P>
    <P Name="Points">[25, 0; 0, 15]</P>
    <P Name="Dst">635#in:1</P>
  </Line>
</System>
