<?xml version="1.0" encoding="utf-8"?>
<System>
  <P Name="Location">[8, 8, 1558, 846]</P>
  <P Name="SystemRect">[0.000000, 0.000000, 0.000000, 0.000000]</P>
  <P Name="Open">on</P>
  <P Name="SetExecutionDomain">off</P>
  <P Name="ExecutionDomainType">Deduce</P>
  <P Name="ZoomFactor">80</P>
  <P Name="SimulinkSubDomain">Simulink</P>
  <Block BlockType="Inport" Name="P elm" SID="2">
    <P Name="Position">[20, 88, 50, 102]</P>
    <P Name="ZOrder">-1</P>
    <P Name="NameLocation">top</P>
  </Block>
  <Block BlockType="Inport" Name="P aux" SID="3">
    <P Name="Position">[20, 118, 50, 132]</P>
    <P Name="ZOrder">-2</P>
    <P Name="NameLocation">top</P>
    <P Name="Port">2</P>
  </Block>
  <Block BlockType="SubSystem" Name="- Chemical Power" SID="6">
    <P Name="Ports">[1, 2]</P>
    <P Name="Position">[350, 128, 425, 172]</P>
    <P Name="ZOrder">-5</P>
    <P Name="NameLocation">top</P>
    <P Name="RequestExecContextInheritance">off</P>
    <System Ref="system_6"/>
  </Block>
  <Block BlockType="Saturate" Name="Charging&#xA;power1" SID="16">
    <P Name="Position">[225, 95, 255, 125]</P>
    <P Name="ZOrder">-9</P>
    <P Name="UpperLimit">Pbatt_max_new</P>
    <P Name="LowerLimit">-Pbatt_max_new</P>
  </Block>
  <Block BlockType="Clock" Name="Clock" SID="538">
    <P Name="Position">[720, 190, 740, 210]</P>
    <P Name="ZOrder">17</P>
    <P Name="NameLocation">top</P>
  </Block>
  <Block BlockType="Integrator" Name="Dicharing&#xA;energy1" SID="18">
    <P Name="Ports">[1, 1]</P>
    <P Name="Position">[740, 20, 770, 50]</P>
    <P Name="ZOrder">-11</P>
    <P Name="UpperSaturationLimit">-1</P>
  </Block>
  <Block BlockType="Goto" Name="Goto" SID="21">
    <P Name="Position">[735, 105, 775, 135]</P>
    <P Name="ZOrder">-14</P>
    <P Name="GotoTag">SOC</P>
    <P Name="TagVisibility">global</P>
  </Block>
  <Block BlockType="Gain" Name="Motoring&#xA;discharges the&#xA;battery" SID="22">
    <P Name="Position">[150, 94, 185, 126]</P>
    <P Name="ZOrder">-15</P>
    <P Name="NameLocation">top</P>
    <P Name="Gain">-1</P>
    <P Name="ParamDataTypeStr">Inherit: Same as input</P>
    <P Name="OutDataTypeStr">Inherit: Same as input</P>
    <P Name="SaturateOnIntegerOverflow">on</P>
  </Block>
  <Block BlockType="Mux" Name="Mux1" SID="539">
    <P Name="Ports">[2, 1]</P>
    <P Name="Position">[765, 191, 770, 229]</P>
    <P Name="ZOrder">16</P>
    <P Name="ForegroundColor">gray</P>
    <P Name="ShowName">off</P>
    <P Name="Inputs">2</P>
    <P Name="DisplayOption">bar</P>
  </Block>
  <Block BlockType="Sum" Name="Ptrm" SID="24">
    <P Name="Ports">[2, 1]</P>
    <P Name="Position">[105, 79, 120, 141]</P>
    <P Name="ZOrder">-17</P>
    <P Name="IconShape">rectangular</P>
    <P Name="InputSameDT">on</P>
    <P Name="OutDataTypeStr">Inherit: Same as first input</P>
    <P Name="SaturateOnIntegerOverflow">on</P>
  </Block>
  <Block BlockType="Sum" Name="Ptrm1" SID="25">
    <P Name="Ports">[2, 1]</P>
    <P Name="Position">[465, 42, 490, 73]</P>
    <P Name="ZOrder">-18</P>
    <P Name="IconShape">rectangular</P>
    <P Name="Inputs">+-</P>
    <P Name="InputSameDT">on</P>
    <P Name="OutDataTypeStr">Inherit: Same as first input</P>
    <P Name="SaturateOnIntegerOverflow">on</P>
  </Block>
  <Block BlockType="SubSystem" Name="Subsystem" SID="27">
    <P Name="Ports">[1, 1]</P>
    <P Name="Position">[480, 116, 590, 184]</P>
    <P Name="ZOrder">-20</P>
    <P Name="ShowName">off</P>
    <P Name="RequestExecContextInheritance">off</P>
    <System Ref="system_27"/>
  </Block>
  <Block BlockType="ToWorkspace" Name="To Workspace" SID="480">
    <P Name="Ports">[1]</P>
    <P Name="Position">[810, 195, 870, 225]</P>
    <P Name="ZOrder">1</P>
    <P Name="VariableName">SOC</P>
    <P Name="MaxDataPoints">inf</P>
    <P Name="SampleTime">1</P>
  </Block>
  <Block BlockType="Outport" Name="SOC" SID="37">
    <P Name="Position">[685, 143, 715, 157]</P>
    <P Name="ZOrder">-22</P>
    <P Name="InitialOutput">0</P>
    <P Name="VectorParamsAs1DForOutWhenUnconnected">off</P>
  </Block>
  <Block BlockType="Outport" Name="Ploss" SID="38">
    <P Name="Position">[650, 53, 680, 67]</P>
    <P Name="ZOrder">-23</P>
    <P Name="NameLocation">top</P>
    <P Name="Port">2</P>
    <P Name="InitialOutput">0</P>
    <P Name="VectorParamsAs1DForOutWhenUnconnected">off</P>
  </Block>
  <Block BlockType="Outport" Name="Pbatt" SID="39">
    <P Name="Position">[650, 98, 680, 112]</P>
    <P Name="ZOrder">-24</P>
    <P Name="NameLocation">top</P>
    <P Name="Port">3</P>
    <P Name="InitialOutput">0</P>
    <P Name="VectorParamsAs1DForOutWhenUnconnected">off</P>
  </Block>
  <Block BlockType="Outport" Name="Wloss" SID="40">
    <P Name="Position">[825, 28, 855, 42]</P>
    <P Name="ZOrder">-25</P>
    <P Name="NameLocation">top</P>
    <P Name="Port">4</P>
    <P Name="InitialOutput">0</P>
    <P Name="VectorParamsAs1DForOutWhenUnconnected">off</P>
  </Block>
  <Line>
    <P Name="ZOrder">1</P>
    <P Name="Src">2#out:1</P>
    <P Name="Dst">24#in:1</P>
  </Line>
  <Line>
    <P Name="ZOrder">2</P>
    <P Name="Src">24#out:1</P>
    <P Name="Dst">22#in:1</P>
  </Line>
  <Line>
    <P Name="ZOrder">3</P>
    <P Name="Src">6#out:1</P>
    <P Name="Points">[0, 10; 10, 0]</P>
    <Branch>
      <P Name="ZOrder">4</P>
      <P Name="Points">[0, -85]</P>
      <P Name="Dst">25#in:2</P>
    </Branch>
    <Branch>
      <P Name="ZOrder">5</P>
      <P Name="Dst">27#in:1</P>
    </Branch>
  </Line>
  <Line>
    <P Name="ZOrder">6</P>
    <P Name="Src">25#out:1</P>
    <P Name="Points">[115, 0]</P>
    <Branch>
      <P Name="ZOrder">7</P>
      <P Name="Dst">38#in:1</P>
    </Branch>
    <Branch>
      <P Name="ZOrder">8</P>
      <P Name="Points">[0, -25]</P>
      <P Name="Dst">18#in:1</P>
    </Branch>
  </Line>
  <Line>
    <P Name="ZOrder">9</P>
    <P Name="Src">22#out:1</P>
    <P Name="Dst">16#in:1</P>
  </Line>
  <Line>
    <P Name="ZOrder">10</P>
    <P Name="Src">3#out:1</P>
    <P Name="Dst">24#in:2</P>
  </Line>
  <Line>
    <P Name="ZOrder">11</P>
    <P Name="Src">18#out:1</P>
    <P Name="Dst">40#in:1</P>
  </Line>
  <Line>
    <P Name="ZOrder">12</P>
    <P Name="Src">16#out:1</P>
    <P Name="Points">[75, 0]</P>
    <Branch>
      <P Name="ZOrder">13</P>
      <P Name="Points">[0, -5]</P>
      <Branch>
        <P Name="ZOrder">14</P>
        <P Name="Dst">39#in:1</P>
      </Branch>
      <Branch>
        <P Name="ZOrder">15</P>
        <P Name="Points">[0, -55]</P>
        <P Name="Dst">25#in:1</P>
      </Branch>
    </Branch>
    <Branch>
      <P Name="ZOrder">16</P>
      <P Name="Dst">6#in:1</P>
    </Branch>
  </Line>
  <Line>
    <P Name="ZOrder">17</P>
    <P Name="Src">27#out:1</P>
    <P Name="Points">[30, 0]</P>
    <Branch>
      <P Name="ZOrder">25</P>
      <P Name="Points">[0, 70]</P>
      <P Name="Dst">539#in:2</P>
    </Branch>
    <Branch>
      <P Name="ZOrder">20</P>
      <P Name="Dst">37#in:1</P>
    </Branch>
    <Branch>
      <P Name="ZOrder">24</P>
      <P Name="Points">[0, -30]</P>
      <P Name="Dst">21#in:1</P>
    </Branch>
  </Line>
  <Line>
    <P Name="ZOrder">22</P>
    <P Name="Src">538#out:1</P>
    <P Name="Dst">539#in:1</P>
  </Line>
  <Line>
    <P Name="ZOrder">23</P>
    <P Name="Src">539#out:1</P>
    <P Name="Dst">480#in:1</P>
  </Line>
</System>
