<?xml version="1.0" encoding="utf-8"?>
<System>
  <P Name="Location">[1436, -120, 2935, 743]</P>
  <P Name="SystemRect">[0.000000, 0.000000, 0.000000, 0.000000]</P>
  <P Name="SetExecutionDomain">off</P>
  <P Name="ExecutionDomainType">Deduce</P>
  <P Name="ZoomFactor">252</P>
  <P Name="SimulinkSubDomain">Simulink</P>
  <Block BlockType="Inport" Name="Pterm" SID="7">
    <P Name="Position">[20, 68, 50, 82]</P>
    <P Name="ZOrder">-1</P>
  </Block>
  <Block BlockType="Lookup" Name="Look-Up&#xA;Table" SID="8">
    <P Name="Position">[205, 69, 255, 121]</P>
    <P Name="ZOrder">-2</P>
    <P Name="InputValues">Pbatt</P>
    <P Name="Table">EtaBATT</P>
  </Block>
  <Block BlockType="Product" Name="P/ n" SID="9">
    <P Name="Ports">[2, 1]</P>
    <P Name="Position">[370, 40, 390, 75]</P>
    <P Name="ZOrder">-3</P>
    <P Name="Inputs">**</P>
    <P Name="InputSameDT">on</P>
    <P Name="OutDataTypeStr">Inherit: Same as first input</P>
    <P Name="SaturateOnIntegerOverflow">on</P>
  </Block>
  <Block BlockType="Saturate" Name="Saturation" SID="10">
    <P Name="Position">[150, 80, 180, 110]</P>
    <P Name="ZOrder">-4</P>
    <P Name="UpperLimit">max(Pbatt)</P>
    <P Name="LowerLimit">min(Pbatt)</P>
  </Block>
  <Block BlockType="Outport" Name="Pcharge" SID="11">
    <P Name="Position">[545, 53, 575, 67]</P>
    <P Name="ZOrder">-5</P>
    <P Name="InitialOutput">0</P>
    <P Name="VectorParamsAs1DForOutWhenUnconnected">off</P>
  </Block>
  <Block BlockType="Outport" Name="eta" SID="12">
    <P Name="Position">[540, 98, 570, 112]</P>
    <P Name="ZOrder">-6</P>
    <P Name="Port">2</P>
    <P Name="InitialOutput">0</P>
    <P Name="VectorParamsAs1DForOutWhenUnconnected">off</P>
  </Block>
  <Line>
    <P Name="ZOrder">1</P>
    <P Name="Src">7#out:1</P>
    <P Name="Points">[70, 0]</P>
    <Branch>
      <P Name="ZOrder">2</P>
      <P Name="Points">[0, -25]</P>
      <P Name="Dst">9#in:1</P>
    </Branch>
    <Branch>
      <P Name="ZOrder">3</P>
      <P Name="Labels">[2, 0]</P>
      <P Name="Points">[0, 20]</P>
      <P Name="Dst">10#in:1</P>
    </Branch>
  </Line>
  <Line>
    <P Name="ZOrder">4</P>
    <P Name="Src">10#out:1</P>
    <P Name="Dst">8#in:1</P>
  </Line>
  <Line>
    <P Name="ZOrder">5</P>
    <P Name="Src">9#out:1</P>
    <P Name="Dst">11#in:1</P>
  </Line>
  <Line>
    <P Name="ZOrder">6</P>
    <P Name="Src">8#out:1</P>
    <P Name="Points">[25, 0]</P>
    <Branch>
      <P Name="ZOrder">7</P>
      <P Name="Points">[0, -30]</P>
      <P Name="Dst">9#in:2</P>
    </Branch>
    <Branch>
      <P Name="ZOrder">8</P>
      <P Name="Points">[240, 0]</P>
      <P Name="Dst">12#in:1</P>
    </Branch>
  </Line>
</System>
