<?xml version="1.0" encoding="utf-8"?>
<System>
  <P Name="Location">[1523, -93, 2889, 635]</P>
  <P Name="SystemRect">[0.000000, 0.000000, 0.000000, 0.000000]</P>
  <P Name="SetExecutionDomain">off</P>
  <P Name="ExecutionDomainType">Deduce</P>
  <P Name="SimulinkSubDomain">Simulink</P>
  <Block BlockType="Inport" Name="In" SID="98">
    <P Name="Position">[25, 33, 55, 47]</P>
    <P Name="ZOrder">-1</P>
  </Block>
  <Block BlockType="Integrator" Name="Integral" SID="99">
    <P Name="Ports">[1, 1]</P>
    <P Name="Position">[200, 30, 230, 60]</P>
    <P Name="ZOrder">-2</P>
    <P Name="BackgroundColor">magenta</P>
  </Block>
  <Block BlockType="Integrator" Name="Integral1" SID="100">
    <P Name="Ports">[1, 1]</P>
    <P Name="Position">[200, 85, 230, 115]</P>
    <P Name="ZOrder">-3</P>
    <P Name="BackgroundColor">magenta</P>
    <P Name="InitialCondition">eps</P>
    <P Name="LimitOutput">on</P>
    <P Name="LowerSaturationLimit">eps</P>
  </Block>
  <Block BlockType="Product" Name="Medelv" SID="101">
    <P Name="Ports">[2, 1]</P>
    <P Name="Position">[275, 60, 295, 80]</P>
    <P Name="ZOrder">-4</P>
    <P Name="BackgroundColor">magenta</P>
    <P Name="Inputs">*/</P>
    <P Name="InputSameDT">on</P>
    <P Name="OutDataTypeStr">Inherit: Same as first input</P>
    <P Name="SaturateOnIntegerOverflow">on</P>
  </Block>
  <Block BlockType="Product" Name="Medelv1" SID="102">
    <P Name="Ports">[2, 1]</P>
    <P Name="Position">[145, 35, 165, 55]</P>
    <P Name="ZOrder">-5</P>
    <P Name="BackgroundColor">magenta</P>
    <P Name="Inputs">**</P>
    <P Name="InputSameDT">on</P>
    <P Name="OutDataTypeStr">Inherit: Same as first input</P>
    <P Name="SaturateOnIntegerOverflow">on</P>
  </Block>
  <Block BlockType="Mux" Name="Mux" SID="103">
    <P Name="Ports">[2, 1]</P>
    <P Name="Position">[375, 41, 380, 79]</P>
    <P Name="ZOrder">-6</P>
    <P Name="ForegroundColor">gray</P>
    <P Name="ShowName">off</P>
    <P Name="Inputs">2</P>
    <P Name="DisplayOption">bar</P>
  </Block>
  <Block BlockType="Relay" Name="Relay" SID="104">
    <P Name="Position">[85, 85, 115, 115]</P>
    <P Name="ZOrder">-7</P>
    <P Name="OnSwitchValue">0.05</P>
    <P Name="OffSwitchValue">0.04</P>
  </Block>
  <Block BlockType="Outport" Name="Inst, Ave" SID="105">
    <P Name="Position">[420, 53, 450, 67]</P>
    <P Name="ZOrder">-8</P>
    <P Name="VectorParamsAs1DForOutWhenUnconnected">off</P>
  </Block>
  <Line>
    <P Name="ZOrder">1</P>
    <P Name="Src">100#out:1</P>
    <P Name="Points">[25, 0]</P>
    <P Name="Dst">101#in:2</P>
  </Line>
  <Line>
    <P Name="ZOrder">2</P>
    <P Name="Src">99#out:1</P>
    <P Name="Points">[25, 0]</P>
    <P Name="Dst">101#in:1</P>
  </Line>
  <Line>
    <P Name="ZOrder">3</P>
    <P Name="Src">98#out:1</P>
    <P Name="Points">[10, 0]</P>
    <Branch>
      <P Name="ZOrder">4</P>
      <P Name="Dst">104#in:1</P>
    </Branch>
    <Branch>
      <P Name="ZOrder">5</P>
      <P Name="Points">[0, -30; 290, 0]</P>
      <P Name="Dst">103#in:1</P>
    </Branch>
    <Branch>
      <P Name="ZOrder">6</P>
      <P Name="Dst">102#in:1</P>
    </Branch>
  </Line>
  <Line>
    <P Name="ZOrder">7</P>
    <P Name="Src">104#out:1</P>
    <P Name="Points">[10, 0]</P>
    <Branch>
      <P Name="ZOrder">8</P>
      <P Name="Dst">100#in:1</P>
    </Branch>
    <Branch>
      <P Name="ZOrder">9</P>
      <P Name="Dst">102#in:2</P>
    </Branch>
  </Line>
  <Line>
    <P Name="ZOrder">10</P>
    <P Name="Src">101#out:1</P>
    <P Name="Dst">103#in:2</P>
  </Line>
  <Line>
    <P Name="ZOrder">11</P>
    <P Name="Src">103#out:1</P>
    <P Name="Dst">105#in:1</P>
  </Line>
  <Line>
    <P Name="ZOrder">12</P>
    <P Name="Src">102#out:1</P>
    <P Name="Dst">99#in:1</P>
  </Line>
  <Annotation SID="106">
    <P Name="Name">Denna del &quot;mäter&quot; tiden då motorn
är till, d.v.s. då verkningsgraden är
större än 1 %. Om den är 5 % antas
motorn stå still.</P>
    <P Name="Position">[44, 145, 205, 195]</P>
    <P Name="InternalMargins">[0, 0, 0, 0]</P>
    <P Name="ZOrder">-1</P>
  </Annotation>
</System>
