<?xml version="1.0" encoding="utf-8"?>
<System>
  <P Name="Location">[2339, -135, 3929, 789]</P>
  <P Name="SystemRect">[0.000000, 0.000000, 0.000000, 0.000000]</P>
  <P Name="SetExecutionDomain">off</P>
  <P Name="ExecutionDomainType">Deduce</P>
  <P Name="PaperType">A4</P>
  <P Name="PaperUnits">centimeters</P>
  <P Name="TiledPaperMargins">[0.500000, 0.500000, 0.500000, 0.500000]</P>
  <P Name="ZoomFactor">151</P>
  <P Name="SimulinkSubDomain">Simulink</P>
  <Block BlockType="Inport" Name="Ideal_ratio" SID="239">
    <P Name="Position">[15, 63, 45, 77]</P>
    <P Name="ZOrder">-1</P>
  </Block>
  <Block BlockType="Inport" Name="wem_new" SID="240">
    <P Name="Position">[15, 163, 45, 177]</P>
    <P Name="ZOrder">-2</P>
    <P Name="BackgroundColor">lightBlue</P>
    <P Name="NameLocation">top</P>
    <P Name="Port">2</P>
  </Block>
  <Block BlockType="Display" Name="# commutations" SID="241">
    <P Name="Ports">[1]</P>
    <P Name="Position">[475, 322, 565, 348]</P>
    <P Name="ZOrder">-3</P>
    <P Name="Decimation">1</P>
  </Block>
  <Block BlockType="Abs" Name="Abs" SID="242">
    <P Name="Position">[400, 245, 420, 265]</P>
    <P Name="ZOrder">-4</P>
    <P Name="BlockRotation">270</P>
    <P Name="BlockMirror">on</P>
    <P Name="NameLocation">right</P>
    <P Name="ShowName">off</P>
  </Block>
  <Block BlockType="Constant" Name="Constant2" SID="243">
    <P Name="Position">[405, 20, 510, 40]</P>
    <P Name="ZOrder">-5</P>
    <P Name="BackgroundColor">lightBlue</P>
    <P Name="ShowName">off</P>
    <P Name="Value">Number_of_gears</P>
  </Block>
  <Block BlockType="Demux" Name="Demux" SID="246">
    <P Name="Ports">[1, 2]</P>
    <P Name="Position">[170, 51, 175, 89]</P>
    <P Name="ZOrder">-8</P>
    <P Name="BackgroundColor">black</P>
    <P Name="ShowName">off</P>
    <P Name="Outputs">2</P>
    <P Name="DisplayOption">none</P>
  </Block>
  <Block BlockType="LookupNDDirect" Name="Direct Look-Up&#xA;Table (n-D)" SID="247">
    <P Name="Ports">[1, 1]</P>
    <P Name="Position">[485, 69, 540, 111]</P>
    <P Name="ZOrder">-9</P>
    <P Name="NumberOfTableDimensions">1</P>
    <P Name="Table">Utvx_vect</P>
  </Block>
  <Block BlockType="Memory" Name="Memory1" SID="248">
    <P Name="Position">[410, 160, 430, 180]</P>
    <P Name="ZOrder">-10</P>
    <P Name="BlockRotation">270</P>
    <P Name="BlockMirror">on</P>
    <P Name="NameLocation">left</P>
    <P Name="ShowName">off</P>
  </Block>
  <Block BlockType="SubSystem" Name="MinShift" SID="249">
    <P Name="Ports">[2, 1]</P>
    <P Name="Position">[345, 60, 395, 120]</P>
    <P Name="ZOrder">-11</P>
    <P Name="RequestExecContextInheritance">off</P>
    <System Ref="system_249"/>
  </Block>
  <Block BlockType="Reference" Name="PreLook-Up&#xA;Index Search" SID="262">
    <P Name="Ports">[1, 1]</P>
    <P Name="Position">[85, 45, 145, 95]</P>
    <P Name="ZOrder">-12</P>
    <P Name="LibraryVersion">11.0</P>
    <P Name="SourceBlock">simulink_need_slupdate/PreLookup
Index Search</P>
    <P Name="SourceType">LookupIdxSearch</P>
    <P Name="SourceProductBaseCode">SL</P>
    <InstanceData>
      <P Name="MultithreadedSim">auto</P>
      <P Name="bpData">Utvx_vect</P>
      <P Name="searchMode">Binary Search</P>
      <P Name="cacheBpFlag">off</P>
      <P Name="outputFlag">off</P>
      <P Name="IndexDataType">uint32</P>
      <P Name="extrapMode">Linear Extrapolation</P>
      <P Name="rangeErrorMode">None</P>
    </InstanceData>
  </Block>
  <Block BlockType="Relay" Name="Relay" SID="263">
    <P Name="Position">[215, 65, 245, 95]</P>
    <P Name="ZOrder">-13</P>
    <P Name="OnSwitchValue">0.52</P>
    <P Name="OffSwitchValue">0.48</P>
  </Block>
  <Block BlockType="Saturate" Name="Saturation" SID="264">
    <P Name="Position">[425, 75, 455, 105]</P>
    <P Name="ZOrder">-14</P>
    <P Name="UpperLimit">Number_of_gears-1</P>
    <P Name="LowerLimit">0</P>
  </Block>
  <Block BlockType="Saturate" Name="Saturation1" SID="265">
    <P Name="Position">[610, 75, 640, 105]</P>
    <P Name="ZOrder">-15</P>
    <P Name="UpperLimit">max(Utvx_vect)</P>
    <P Name="LowerLimit">min(Utvx_vect)</P>
  </Block>
  <Block BlockType="SubSystem" Name="Subsystem2" SID="266">
    <P Name="Ports">[0, 1, 0, 1]</P>
    <P Name="Position">[390, 287, 435, 323]</P>
    <P Name="ZOrder">-16</P>
    <P Name="TreatAsAtomicUnit">on</P>
    <P Name="RequestExecContextInheritance">off</P>
    <System Ref="system_266"/>
  </Block>
  <Block BlockType="Sum" Name="Sum1" SID="272">
    <P Name="Ports">[2, 1]</P>
    <P Name="Position">[290, 49, 315, 96]</P>
    <P Name="ZOrder">-17</P>
    <P Name="ShowName">off</P>
    <P Name="IconShape">rectangular</P>
    <P Name="SaturateOnIntegerOverflow">on</P>
  </Block>
  <Block BlockType="Sum" Name="Sum2" SID="273">
    <P Name="Ports">[2, 1]</P>
    <P Name="Position">[550, 22, 570, 58]</P>
    <P Name="ZOrder">-18</P>
    <P Name="ShowName">off</P>
    <P Name="IconShape">rectangular</P>
    <P Name="Inputs">+-</P>
    <P Name="SaturateOnIntegerOverflow">on</P>
  </Block>
  <Block BlockType="Sum" Name="Sum3" SID="274">
    <P Name="Ports">[2, 1]</P>
    <P Name="Position">[399, 205, 421, 225]</P>
    <P Name="ZOrder">-19</P>
    <P Name="BlockRotation">270</P>
    <P Name="BlockMirror">on</P>
    <P Name="NameLocation">left</P>
    <P Name="ShowName">off</P>
    <P Name="IconShape">rectangular</P>
    <P Name="Inputs">+-</P>
    <P Name="SaturateOnIntegerOverflow">on</P>
  </Block>
  <Block BlockType="ToWorkspace" Name="To Workspace" SID="275">
    <P Name="Ports">[1]</P>
    <P Name="Position">[485, 295, 545, 315]</P>
    <P Name="ZOrder">-20</P>
    <P Name="ShowName">off</P>
    <P Name="VariableName">shifts</P>
    <P Name="MaxDataPoints">inf</P>
    <P Name="SampleTime">-1</P>
  </Block>
  <Block BlockType="Outport" Name="gear#" SID="303">
    <P Name="Position">[670, 33, 700, 47]</P>
    <P Name="ZOrder">-26</P>
    <P Name="VectorParamsAs1DForOutWhenUnconnected">off</P>
  </Block>
  <Block BlockType="Outport" Name="ratio" SID="305">
    <P Name="Position">[670, 83, 700, 97]</P>
    <P Name="ZOrder">-28</P>
    <P Name="Port">2</P>
    <P Name="VectorParamsAs1DForOutWhenUnconnected">off</P>
  </Block>
  <Line>
    <P Name="ZOrder">1</P>
    <P Name="Src">239#out:1</P>
    <P Name="Dst">262#in:1</P>
  </Line>
  <Line>
    <P Name="ZOrder">2</P>
    <P Name="Src">240#out:1</P>
    <P Name="Points">[194, 0; 0, -65]</P>
    <P Name="Dst">249#in:2</P>
  </Line>
  <Line>
    <P Name="ZOrder">3</P>
    <P Name="Src">262#out:1</P>
    <P Name="Dst">246#in:1</P>
  </Line>
  <Line>
    <P Name="ZOrder">4</P>
    <P Name="Src">246#out:2</P>
    <P Name="Dst">263#in:1</P>
  </Line>
  <Line>
    <P Name="ZOrder">5</P>
    <P Name="Src">263#out:1</P>
    <P Name="Points">[25, 0]</P>
    <P Name="Dst">272#in:2</P>
  </Line>
  <Line>
    <P Name="ZOrder">6</P>
    <P Name="Src">247#out:1</P>
    <P Name="Dst">265#in:1</P>
  </Line>
  <Line>
    <P Name="ZOrder">9</P>
    <P Name="Src">243#out:1</P>
    <P Name="Dst">273#in:1</P>
  </Line>
  <Line>
    <P Name="ZOrder">10</P>
    <P Name="Src">273#out:1</P>
    <P Name="Dst">303#in:1</P>
  </Line>
  <Line>
    <P Name="ZOrder">13</P>
    <P Name="Src">264#out:1</P>
    <P Name="Points">[5, 0]</P>
    <Branch>
      <P Name="ZOrder">14</P>
      <P Name="Dst">247#in:1</P>
    </Branch>
    <Branch>
      <P Name="ZOrder">15</P>
      <P Name="Points">[0, -40]</P>
      <P Name="Dst">273#in:2</P>
    </Branch>
  </Line>
  <Line>
    <P Name="ZOrder">33</P>
    <P Name="Src">266#out:1</P>
    <P Name="Points">[15, 0]</P>
    <Branch>
      <P Name="ZOrder">34</P>
      <P Name="Points">[0, 30]</P>
      <P Name="Dst">241#in:1</P>
    </Branch>
    <Branch>
      <P Name="ZOrder">35</P>
      <P Name="Dst">275#in:1</P>
    </Branch>
  </Line>
  <Line>
    <P Name="ZOrder">36</P>
    <P Name="Src">248#out:1</P>
    <P Name="Points">[0, 5]</P>
    <P Name="Dst">274#in:2</P>
  </Line>
  <Line>
    <P Name="ZOrder">37</P>
    <P Name="Src">274#out:1</P>
    <P Name="Dst">242#in:1</P>
  </Line>
  <Line>
    <P Name="ZOrder">38</P>
    <P Name="Src">242#out:1</P>
    <P Name="Dst">266#trigger</P>
  </Line>
  <Line>
    <P Name="ZOrder">39</P>
    <P Name="Src">249#out:1</P>
    <P Name="Points">[5, 0]</P>
    <Branch>
      <P Name="ZOrder">40</P>
      <P Name="Points">[0, 55]</P>
      <Branch>
        <P Name="ZOrder">41</P>
        <P Name="Dst">274#in:1</P>
      </Branch>
      <Branch>
        <P Name="ZOrder">42</P>
        <P Name="Dst">248#in:1</P>
      </Branch>
    </Branch>
    <Branch>
      <P Name="ZOrder">43</P>
      <P Name="Dst">264#in:1</P>
    </Branch>
  </Line>
  <Line>
    <P Name="ZOrder">44</P>
    <P Name="Src">272#out:1</P>
    <P Name="Dst">249#in:1</P>
  </Line>
  <Line>
    <P Name="ZOrder">45</P>
    <P Name="Src">265#out:1</P>
    <P Name="Dst">305#in:1</P>
  </Line>
  <Line>
    <P Name="ZOrder">46</P>
    <P Name="Src">246#out:1</P>
    <P Name="Dst">272#in:1</P>
  </Line>
</System>
