<?xml version="1.0" encoding="utf-8"?>
<System>
  <P Name="Location">[8, 8, 1558, 846]</P>
  <P Name="SystemRect">[0.000000, 0.000000, 0.000000, 0.000000]</P>
  <P Name="Open">on</P>
  <P Name="SetExecutionDomain">off</P>
  <P Name="ExecutionDomainType">Deduce</P>
  <P Name="ZoomFactor">131</P>
  <P Name="ReportName">simulink-default.rpt</P>
  <P Name="SIDHighWatermark">638</P>
  <P Name="SimulinkSubDomain">Simulink</P>
  <Block BlockType="SubSystem" Name="Battery" SID="1">
    <P Name="Ports">[2, 4]</P>
    <P Name="Position">[335, 314, 405, 381]</P>
    <P Name="ZOrder">-1</P>
    <P Name="BlockMirror">on</P>
    <P Name="BackgroundColor">red</P>
    <P Name="RequestExecContextInheritance">off</P>
    <System Ref="system_1"/>
  </Block>
  <Block BlockType="SubSystem" Name="Brake Control" SID="42">
    <P Name="Ports">[3, 1]</P>
    <P Name="Position">[630, 309, 710, 391]</P>
    <P Name="ZOrder">-2</P>
    <P Name="BackgroundColor">magenta</P>
    <P Name="RequestExecContextInheritance">off</P>
    <System Ref="system_42"/>
  </Block>
  <Block BlockType="Clock" Name="Clock" SID="532">
    <P Name="Position">[45, 240, 65, 260]</P>
    <P Name="ZOrder">15</P>
    <P Name="NameLocation">top</P>
  </Block>
  <Block BlockType="Constant" Name="Constant" SID="53">
    <P Name="Position">[445, 354, 515, 376]</P>
    <P Name="ZOrder">-3</P>
    <P Name="BlockMirror">on</P>
    <P Name="ShowName">off</P>
    <P Name="Value">Paux</P>
  </Block>
  <Block BlockType="Display" Name="Distance [x 10 km]" SID="580">
    <P Name="Ports">[1]</P>
    <P Name="Position">[610, 140, 700, 170]</P>
    <P Name="ZOrder">21</P>
    <P Name="BlockMirror">on</P>
    <P Name="NameLocation">top</P>
    <P Name="Decimation">1</P>
  </Block>
  <Block BlockType="SubSystem" Name="Driver model 1" SID="54">
    <P Name="Ports">[2, 1]</P>
    <P Name="Position">[240, 178, 295, 207]</P>
    <P Name="ZOrder">-4</P>
    <P Name="BackgroundColor">gray</P>
    <P Name="NameLocation">top</P>
    <P Name="RequestExecContextInheritance">off</P>
    <Mask>
      <Display/>
      <Initialization>Ti = 2 + 1*(Mv-1000)/19000;
Kv=4*Mv/Ti;</Initialization>
      <MaskParameter Name="Mv" Type="edit" Tunable="off">
        <Prompt>Vehicle Mass</Prompt>
        <Value>Mv</Value>
      </MaskParameter>
      <MaskParameter Name="rw" Type="edit">
        <Prompt>Wheel Radius</Prompt>
        <Value>rw</Value>
      </MaskParameter>
      <MaskParameter Name="Pmax" Type="edit">
        <Prompt>Max Wheel Power</Prompt>
        <Value>Pem_max</Value>
      </MaskParameter>
    </Mask>
    <System Ref="system_54"/>
  </Block>
  <Block BlockType="Scope" Name="EC [kWh/mil]" SID="579">
    <P Name="Ports">[1]</P>
    <P Name="Position">[625, 46, 640, 64]</P>
    <P Name="ZOrder">20</P>
    <P Name="BlockMirror">on</P>
    <P Name="ForegroundColor">gray</P>
    <P Name="NameLocation">top</P>
    <P Name="ScopeSpecificationString">C++SS(StrPVP(&apos;Location&apos;,&apos;[78, 30, 1361, 395]&apos;),StrPVP(&apos;Open&apos;,&apos;off&apos;),StrPVP(&apos;ZoomMode&apos;,&apos;yonly&apos;),MxPVP(&apos;AxesTitles&apos;,54,&apos;struct(&apos;&apos;axes1&apos;&apos;,&apos;&apos;Energy Consumption [kWh/mil]&apos;&apos;)&apos;),MxPVP(&apos;ScopeGraphics&apos;,57,&apos;struct(&apos;&apos;FigureColor&apos;&apos;,&apos;&apos;[0.5 0.5 0.5]&apos;&apos;,&apos;&apos;AxesColor&apos;&apos;,&apos;&apos;[0 0 0]&apos;&apos;,&apos;&apos;AxesTickColor&apos;&apos;,&apos;&apos;[1 1 1]&apos;&apos;,&apos;&apos;LineColors&apos;&apos;,&apos;&apos;[1 1 0;1 0 1;0 1 1;1 0 0;0 1 0;0 0 1]&apos;&apos;,&apos;&apos;LineStyles&apos;&apos;,&apos;&apos;-|-|-|-|-|-&apos;&apos;,&apos;&apos;LineWidths&apos;&apos;,&apos;&apos;[0.5 0.5 0.5 0.5 0.5 0.5]&apos;&apos;,&apos;&apos;MarkerStyles&apos;&apos;,&apos;&apos;none|none|none|none|none|none&apos;&apos;)&apos;),StrPVP(&apos;ShowLegends&apos;,&apos;off&apos;),StrPVP(&apos;TimeRange&apos;,&apos;4500&apos;),StrPVP(&apos;YMin&apos;,&apos;0&apos;),StrPVP(&apos;YMax&apos;,&apos;12&apos;),StrPVP(&apos;SaveName&apos;,&apos;ScopeData5&apos;),StrPVP(&apos;DataFormat&apos;,&apos;StructureWithTime&apos;),StrPVP(&apos;MaxDataPoints&apos;,&apos;5000000&apos;),StrPVP(&apos;BlockParamSampleTime&apos;,&apos;0&apos;),StrPVP(&apos;LimitDataPoints&apos;,&apos;on&apos;),StrPVP(&apos;Decimation&apos;,&apos;1&apos;),StrPVP(&apos;BlockParamSampleInput&apos;,&apos;off&apos;))</P>
    <P Name="NumInputPorts">1</P>
    <P Name="Floating">off</P>
  </Block>
  <Block BlockType="SubSystem" Name="Electric Machine model" SID="80">
    <P Name="Ports">[2, 2]</P>
    <P Name="Position">[470, 165, 560, 220]</P>
    <P Name="ZOrder">-5</P>
    <P Name="BackgroundColor">lightBlue</P>
    <P Name="RequestExecContextInheritance">off</P>
    <System Ref="system_80"/>
  </Block>
  <Block BlockType="Display" Name="Energy Cons [kWh/10km]" SID="581">
    <P Name="Ports">[1]</P>
    <P Name="Position">[610, 90, 700, 120]</P>
    <P Name="ZOrder">22</P>
    <P Name="BlockMirror">on</P>
    <P Name="NameLocation">top</P>
    <P Name="Decimation">1</P>
  </Block>
  <Block BlockType="From" Name="From1" SID="133">
    <P Name="Position">[910, 201, 960, 229]</P>
    <P Name="ZOrder">-7</P>
    <P Name="CloseFcn">tagdialog Close</P>
    <P Name="GotoTag">Altitude</P>
    <P Name="IconDisplay">Tag and signal name</P>
    <P Name="TagVisibility">global</P>
  </Block>
  <Block BlockType="SubSystem" Name="Logg" SID="560">
    <P Name="Ports">[1, 2]</P>
    <P Name="Position">[765, 110, 840, 145]</P>
    <P Name="ZOrder">19</P>
    <P Name="BlockMirror">on</P>
    <P Name="ForegroundColor">gray</P>
    <P Name="NameLocation">top</P>
    <P Name="HideAutomaticName">off</P>
    <P Name="RequestExecContextInheritance">off</P>
    <System Ref="system_560"/>
  </Block>
  <Block BlockType="SubSystem" Name="Mech Dynamics" SID="190">
    <P Name="Ports">[4, 4]</P>
    <P Name="Position">[770, 174, 835, 286]</P>
    <P Name="ZOrder">-12</P>
    <P Name="BackgroundColor">cyan</P>
    <P Name="NameLocation">top</P>
    <P Name="RequestExecContextInheritance">off</P>
    <System Ref="system_190"/>
  </Block>
  <Block BlockType="SubSystem" Name="Medelvärde" SID="467">
    <P Name="Ports">[1]</P>
    <P Name="Position">[965, 352, 1025, 378]</P>
    <P Name="ZOrder">2</P>
    <P Name="ForegroundColor">gray</P>
    <P Name="RequestExecContextInheritance">off</P>
    <System Ref="system_467"/>
  </Block>
  <Block BlockType="Mux" Name="Mux1" SID="533">
    <P Name="Ports">[2, 1]</P>
    <P Name="Position">[90, 241, 95, 279]</P>
    <P Name="ZOrder">14</P>
    <P Name="ForegroundColor">gray</P>
    <P Name="ShowName">off</P>
    <P Name="Inputs">2</P>
    <P Name="DisplayOption">bar</P>
  </Block>
  <Block BlockType="Mux" Name="Mux3" SID="224">
    <P Name="Ports">[2, 1]</P>
    <P Name="Position">[175, 126, 180, 159]</P>
    <P Name="ZOrder">-13</P>
    <P Name="BlockMirror">on</P>
    <P Name="ForegroundColor">gray</P>
    <P Name="NameLocation">top</P>
    <P Name="ShowName">off</P>
    <P Name="Inputs">2</P>
    <P Name="DisplayOption">bar</P>
  </Block>
  <Block BlockType="SubSystem" Name="Power flow&#xA;control" SID="225">
    <P Name="Ports">[2, 3]</P>
    <P Name="Position">[335, 154, 405, 306]</P>
    <P Name="ZOrder">-14</P>
    <P Name="BackgroundColor">green</P>
    <P Name="NameLocation">top</P>
    <P Name="RequestExecContextInheritance">off</P>
    <System Ref="system_225"/>
  </Block>
  <Block BlockType="Scope" Name="Powers" SID="381">
    <P Name="Ports">[5]</P>
    <P Name="Position">[1000, 211, 1040, 299]</P>
    <P Name="ZOrder">-15</P>
    <P Name="ForegroundColor">gray</P>
    <P Name="ScopeSpecificationString">Simulink.scopes.TimeScopeBlockCfg(&apos;CurrentConfiguration&apos;, extmgr.ConfigurationSet(extmgr.Configuration(&apos;Core&apos;,&apos;General UI&apos;,true),extmgr.Configuration(&apos;Core&apos;,&apos;Source UI&apos;,true),extmgr.Configuration(&apos;Sources&apos;,&apos;WiredSimulink&apos;,true,&apos;DataLoggingVariableName&apos;,&apos;ScopeData11&apos;,&apos;DataLoggingSaveFormat&apos;,&apos;StructureWithTime&apos;,&apos;DataLoggingMaxPoints&apos;,&apos;5000000&apos;,&apos;DataLoggingDecimation&apos;,&apos;1&apos;,&apos;DataLoggingDecimateData&apos;,true),extmgr.Configuration(&apos;Visuals&apos;,&apos;Time Domain&apos;,true,&apos;SerializedDisplays&apos;,{struct(&apos;MinYLimReal&apos;,&apos;-16.42656&apos;,&apos;MaxYLimReal&apos;,&apos;147.83906&apos;,&apos;YLabelReal&apos;,&apos;&apos;,&apos;MinYLimMag&apos;,&apos;0.00000&apos;,&apos;MaxYLimMag&apos;,&apos;147.83906&apos;,&apos;LegendVisibility&apos;,&apos;Off&apos;,&apos;XGrid&apos;,true,&apos;YGrid&apos;,true,&apos;PlotMagPhase&apos;,false,&apos;AxesColor&apos;,[0 0 0],&apos;AxesTickColor&apos;,[0.686274509803922 0.686274509803922 0.686274509803922],&apos;ColorOrder&apos;,[1 1 0.0666666666666667;0.0745098039215686 0.623529411764706 1;1 0.411764705882353 0.16078431372549;0.392156862745098 0.831372549019608 0.0745098039215686;0.717647058823529 0.274509803921569 1;0.0588235294117647 1 1;1 0.0745098039215686 0.650980392156863],&apos;Title&apos;,&apos;Speed  [km/h]&apos;,&apos;LinePropertiesCache&apos;,{{}},&apos;UserDefinedChannelNames&apos;,{{}},&apos;NumLines&apos;,2,&apos;LineNames&apos;,{{&apos;m/s -&gt; km/h:1&apos;,&apos;m/s -&gt; km/h:2&apos;}},&apos;ShowContent&apos;,true,&apos;Placement&apos;,1),struct(&apos;MinYLimReal&apos;,&apos;-1.00000&apos;,&apos;MaxYLimReal&apos;,&apos;1.00000&apos;,&apos;YLabelReal&apos;,&apos;&apos;,&apos;MinYLimMag&apos;,&apos;0&apos;,&apos;MaxYLimMag&apos;,&apos;10&apos;,&apos;LegendVisibility&apos;,&apos;off&apos;,&apos;XGrid&apos;,true,&apos;YGrid&apos;,true,&apos;PlotMagPhase&apos;,false,&apos;AxesColor&apos;,[0 0 0],&apos;AxesTickColor&apos;,[0.686274509803922 0.686274509803922 0.686274509803922],&apos;ColorOrder&apos;,[1 1 0.0666666666666667;0.0745098039215686 0.623529411764706 1;1 0.411764705882353 0.16078431372549;0.392156862745098 0.831372549019608 0.0745098039215686;0.717647058823529 0.274509803921569 1;0.0588235294117647 1 1;1 0.0745098039215686 0.650980392156863],&apos;Title&apos;,&apos;Altitude [m]&apos;,&apos;LinePropertiesCache&apos;,{{}},&apos;UserDefinedChannelNames&apos;,{{}},&apos;NumLines&apos;,1,&apos;LineNames&apos;,{{&apos;Product&apos;}},&apos;ShowContent&apos;,true,&apos;Placement&apos;,2),struct(&apos;MinYLimReal&apos;,&apos;-62.92697&apos;,&apos;MaxYLimReal&apos;,&apos;70.92768&apos;,&apos;YLabelReal&apos;,&apos;&apos;,&apos;MinYLimMag&apos;,&apos;0&apos;,&apos;MaxYLimMag&apos;,&apos;10&apos;,&apos;LegendVisibility&apos;,&apos;off&apos;,&apos;XGrid&apos;,true,&apos;YGrid&apos;,true,&apos;PlotMagPhase&apos;,false,&apos;AxesColor&apos;,[0 0 0],&apos;AxesTickColor&apos;,[0.686274509803922 0.686274509803922 0.686274509803922],&apos;ColorOrder&apos;,[1 1 0.0666666666666667;0.0745098039215686 0.623529411764706 1;1 0.411764705882353 0.16078431372549;0.392156862745098 0.831372549019608 0.0745098039215686;0.717647058823529 0.274509803921569 1;0.0588235294117647 1 1;1 0.0745098039215686 0.650980392156863],&apos;Title&apos;,&apos;Drive Power [kW]&apos;,&apos;LinePropertiesCache&apos;,{{}},&apos;UserDefinedChannelNames&apos;,{{}},&apos;NumLines&apos;,1,&apos;LineNames&apos;,{{&apos;m/s -&gt; km/h2&apos;}},&apos;ShowContent&apos;,true,&apos;Placement&apos;,3),struct(&apos;MinYLimReal&apos;,&apos;-31.80931&apos;,&apos;MaxYLimReal&apos;,&apos;3.53437&apos;,&apos;YLabelReal&apos;,&apos;&apos;,&apos;MinYLimMag&apos;,&apos;0&apos;,&apos;MaxYLimMag&apos;,&apos;10&apos;,&apos;LegendVisibility&apos;,&apos;off&apos;,&apos;XGrid&apos;,true,&apos;YGrid&apos;,true,&apos;PlotMagPhase&apos;,false,&apos;AxesColor&apos;,[0 0 0],&apos;AxesTickColor&apos;,[0.686274509803922 0.686274509803922 0.686274509803922],&apos;ColorOrder&apos;,[1 1 0.0666666666666667;0.0745098039215686 0.623529411764706 1;1 0.411764705882353 0.16078431372549;0.392156862745098 0.831372549019608 0.0745098039215686;0.717647058823529 0.274509803921569 1;0.0588235294117647 1 1;1 0.0745098039215686 0.650980392156863],&apos;Title&apos;,&apos;Road Friction Power [kW]&apos;,&apos;LinePropertiesCache&apos;,{{}},&apos;UserDefinedChannelNames&apos;,{{}},&apos;NumLines&apos;,1,&apos;LineNames&apos;,{{&apos;m/s -&gt; km/h3&apos;}},&apos;ShowContent&apos;,true,&apos;Placement&apos;,4),struct(&apos;MinYLimReal&apos;,&apos;-1.26829&apos;,&apos;MaxYLimReal&apos;,&apos;0.14092&apos;,&apos;YLabelReal&apos;,&apos;&apos;,&apos;MinYLimMag&apos;,&apos;0&apos;,&apos;MaxYLimMag&apos;,&apos;10&apos;,&apos;LegendVisibility&apos;,&apos;off&apos;,&apos;XGrid&apos;,true,&apos;YGrid&apos;,true,&apos;PlotMagPhase&apos;,false,&apos;AxesColor&apos;,[0 0 0],&apos;AxesTickColor&apos;,[0.686274509803922 0.686274509803922 0.686274509803922],&apos;ColorOrder&apos;,[1 1 0.0666666666666667;0.0745098039215686 0.623529411764706 1;1 0.411764705882353 0.16078431372549;0.392156862745098 0.831372549019608 0.0745098039215686;0.717647058823529 0.274509803921569 1;0.0588235294117647 1 1;1 0.0745098039215686 0.650980392156863],&apos;Title&apos;,&apos;Brake Power [kW]&apos;,&apos;LinePropertiesCache&apos;,{{}},&apos;UserDefinedChannelNames&apos;,{{}},&apos;NumLines&apos;,1,&apos;LineNames&apos;,{{&apos;m/s -&gt; km/h4&apos;}},&apos;ShowContent&apos;,true,&apos;Placement&apos;,5)},&apos;DisplayPropertyDefaults&apos;,struct(&apos;YLabelReal&apos;,&apos;&apos;,&apos;AxesColor&apos;,[0 0 0],&apos;AxesTickColor&apos;,[0.686274509803922 0.686274509803922 0.686274509803922],&apos;ColorOrder&apos;,[1 1 0.0666666666666667;0.0745098039215686 0.623529411764706 1;1 0.411764705882353 0.16078431372549;0.392156862745098 0.831372549019608 0.0745098039215686;0.717647058823529 0.274509803921569 1;0.0588235294117647 1 1;1 0.0745098039215686 0.650980392156863],&apos;Title&apos;,&apos;Speed  [km/h]&apos;,&apos;LinePropertiesCache&apos;,{{}},&apos;UserDefinedChannelNames&apos;,{{}},&apos;NumLines&apos;,0,&apos;LineNames&apos;,{{[]}},&apos;ShowContent&apos;,true,&apos;Placement&apos;,1),&apos;DisplayLayoutDimensions&apos;,[5 1],&apos;TimeRangeSamples&apos;,&apos;endtime&apos;,&apos;TimeRangeFrames&apos;,&apos;endtime&apos;),extmgr.Configuration(&apos;Tools&apos;,&apos;Plot Navigation&apos;,true,&apos;OnceAtStop&apos;,false,&apos;PreviousAutoscale&apos;,&apos;XY&apos;),extmgr.Configuration(&apos;Tools&apos;,&apos;Measurements&apos;,true,&apos;Version&apos;,&apos;2021a&apos;)),&apos;Version&apos;,&apos;2021a&apos;,&apos;Location&apos;,[-1663 -250.6 -307 437.4])</P>
    <P Name="NumInputPorts">5</P>
    <P Name="Floating">off</P>
  </Block>
  <Block BlockType="SubSystem" Name="Road model" SID="382">
    <P Name="Ports">[1, 1]</P>
    <P Name="Position">[770, 296, 835, 324]</P>
    <P Name="ZOrder">-16</P>
    <P Name="BlockMirror">on</P>
    <P Name="BackgroundColor">orange</P>
    <P Name="RequestExecContextInheritance">off</P>
    <System Ref="system_382"/>
  </Block>
  <Block BlockType="Scope" Name="SOC" SID="400">
    <P Name="Ports">[2]</P>
    <P Name="Position">[250, 311, 285, 369]</P>
    <P Name="ZOrder">-17</P>
    <P Name="BlockMirror">on</P>
    <P Name="ForegroundColor">gray</P>
    <P Name="NameLocation">top</P>
    <P Name="ScopeSpecificationString">Simulink.scopes.TimeScopeBlockCfg(&apos;CurrentConfiguration&apos;, extmgr.ConfigurationSet(extmgr.Configuration(&apos;Core&apos;,&apos;General UI&apos;,true),extmgr.Configuration(&apos;Core&apos;,&apos;Source UI&apos;,true),extmgr.Configuration(&apos;Sources&apos;,&apos;WiredSimulink&apos;,true,&apos;DataLoggingVariableName&apos;,&apos;ScopeData10&apos;,&apos;DataLoggingSaveFormat&apos;,&apos;StructureWithTime&apos;,&apos;DataLoggingMaxPoints&apos;,&apos;5000000&apos;,&apos;DataLoggingLimitDataPoints&apos;,true,&apos;DataLoggingDecimation&apos;,&apos;1&apos;,&apos;DataLoggingDecimateData&apos;,true),extmgr.Configuration(&apos;Visuals&apos;,&apos;Time Domain&apos;,true,&apos;SerializedDisplays&apos;,{struct(&apos;MinYLimReal&apos;,&apos;82.25003&apos;,&apos;MaxYLimReal&apos;,&apos;90.86111&apos;,&apos;YLabelReal&apos;,&apos;&apos;,&apos;MinYLimMag&apos;,&apos;82.25003&apos;,&apos;MaxYLimMag&apos;,&apos;90.86111&apos;,&apos;LegendVisibility&apos;,&apos;Off&apos;,&apos;XGrid&apos;,true,&apos;YGrid&apos;,true,&apos;PlotMagPhase&apos;,false,&apos;AxesColor&apos;,[0 0 0],&apos;AxesTickColor&apos;,[0.686274509803922 0.686274509803922 0.686274509803922],&apos;ColorOrder&apos;,[1 1 0.0666666666666667;0.0745098039215686 0.623529411764706 1;1 0.411764705882353 0.16078431372549;0.392156862745098 0.831372549019608 0.0745098039215686;0.717647058823529 0.274509803921569 1;0.0588235294117647 1 1;1 0.0745098039215686 0.650980392156863],&apos;Title&apos;,&apos;BAttery State Of Charge&apos;,&apos;LinePropertiesCache&apos;,{{}},&apos;UserDefinedChannelNames&apos;,{{}},&apos;NumLines&apos;,1,&apos;LineNames&apos;,{{&apos;Battery/1&apos;}},&apos;ShowContent&apos;,true,&apos;Placement&apos;,1),struct(&apos;MinYLimReal&apos;,&apos;-79760.13153&apos;,&apos;MaxYLimReal&apos;,&apos;55845.8723&apos;,&apos;YLabelReal&apos;,&apos;&apos;,&apos;MinYLimMag&apos;,&apos;0&apos;,&apos;MaxYLimMag&apos;,&apos;10&apos;,&apos;LegendVisibility&apos;,&apos;off&apos;,&apos;XGrid&apos;,true,&apos;YGrid&apos;,true,&apos;PlotMagPhase&apos;,false,&apos;AxesColor&apos;,[0 0 0],&apos;AxesTickColor&apos;,[0.686274509803922 0.686274509803922 0.686274509803922],&apos;ColorOrder&apos;,[1 1 0.0666666666666667;0.0745098039215686 0.623529411764706 1;1 0.411764705882353 0.16078431372549;0.392156862745098 0.831372549019608 0.0745098039215686;0.717647058823529 0.274509803921569 1;0.0588235294117647 1 1;1 0.0745098039215686 0.650980392156863],&apos;Title&apos;,&apos;%&lt;SignalLabel&gt;&apos;,&apos;LinePropertiesCache&apos;,{{}},&apos;UserDefinedChannelNames&apos;,{{}},&apos;NumLines&apos;,1,&apos;LineNames&apos;,{{&apos;Battery/3&apos;}},&apos;ShowContent&apos;,true,&apos;Placement&apos;,2)},&apos;DisplayPropertyDefaults&apos;,struct(&apos;YLabelReal&apos;,&apos;&apos;,&apos;AxesColor&apos;,[0 0 0],&apos;AxesTickColor&apos;,[0.686274509803922 0.686274509803922 0.686274509803922],&apos;ColorOrder&apos;,[1 1 0.0666666666666667;0.0745098039215686 0.623529411764706 1;1 0.411764705882353 0.16078431372549;0.392156862745098 0.831372549019608 0.0745098039215686;0.717647058823529 0.274509803921569 1;0.0588235294117647 1 1;1 0.0745098039215686 0.650980392156863],&apos;Title&apos;,&apos;BAttery State Of Charge&apos;,&apos;LinePropertiesCache&apos;,{{}},&apos;UserDefinedChannelNames&apos;,{{}},&apos;NumLines&apos;,0,&apos;LineNames&apos;,{{[]}},&apos;ShowContent&apos;,true,&apos;Placement&apos;,1),&apos;DisplayLayoutDimensions&apos;,[2 1],&apos;TimeRangeSamples&apos;,&apos;endtime&apos;,&apos;TimeRangeFrames&apos;,&apos;endtime&apos;),extmgr.Configuration(&apos;Tools&apos;,&apos;Plot Navigation&apos;,true,&apos;OnceAtStop&apos;,false,&apos;PreviousZoomMode&apos;,&apos;ZoomX&apos;,&apos;PreviousAutoscale&apos;,&apos;XY&apos;),extmgr.Configuration(&apos;Tools&apos;,&apos;Measurements&apos;,true,&apos;Version&apos;,&apos;2021a&apos;)),&apos;Version&apos;,&apos;2021a&apos;,&apos;Location&apos;,[-1772.6 -186.6 -422.2 298.2])</P>
    <P Name="NumInputPorts">2</P>
    <P Name="Floating">off</P>
  </Block>
  <Block BlockType="Scope" Name="Scope" SID="582">
    <P Name="Ports">[1]</P>
    <P Name="Position">[790, 359, 820, 391]</P>
    <P Name="ZOrder">23</P>
    <P Name="ScopeSpecificationString">C++SS(StrPVP(&apos;Location&apos;,&apos;[188, 390, 512, 629]&apos;),StrPVP(&apos;Open&apos;,&apos;off&apos;),StrPVP(&apos;ZoomMode&apos;,&apos;yonly&apos;),MxPVP(&apos;AxesTitles&apos;,54,&apos;struct(&apos;&apos;axes1&apos;&apos;,&apos;&apos;%&lt;SignalLabel&gt;&apos;&apos;)&apos;),MxPVP(&apos;ScopeGraphics&apos;,57,&apos;struct(&apos;&apos;FigureColor&apos;&apos;,&apos;&apos;[0.5 0.5 0.5]&apos;&apos;,&apos;&apos;AxesColor&apos;&apos;,&apos;&apos;[0 0 0]&apos;&apos;,&apos;&apos;AxesTickColor&apos;&apos;,&apos;&apos;[1 1 1]&apos;&apos;,&apos;&apos;LineColors&apos;&apos;,&apos;&apos;[1 1 0;1 0 1;0 1 1;1 0 0;0 1 0;0 0 1]&apos;&apos;,&apos;&apos;LineStyles&apos;&apos;,&apos;&apos;-|-|-|-|-|-&apos;&apos;,&apos;&apos;LineWidths&apos;&apos;,&apos;&apos;[0.5 0.5 0.5 0.5 0.5 0.5]&apos;&apos;,&apos;&apos;MarkerStyles&apos;&apos;,&apos;&apos;none|none|none|none|none|none&apos;&apos;)&apos;),StrPVP(&apos;ShowLegends&apos;,&apos;off&apos;),StrPVP(&apos;SaveName&apos;,&apos;ScopeData8&apos;),StrPVP(&apos;DataFormat&apos;,&apos;StructureWithTime&apos;),StrPVP(&apos;LimitDataPoints&apos;,&apos;off&apos;),StrPVP(&apos;BlockParamSampleTime&apos;,&apos;0&apos;),StrPVP(&apos;Decimation&apos;,&apos;1&apos;),StrPVP(&apos;BlockParamSampleInput&apos;,&apos;off&apos;))</P>
    <P Name="NumInputPorts">1</P>
    <P Name="Floating">off</P>
  </Block>
  <Block BlockType="ToWorkspace" Name="To Workspace" SID="524">
    <P Name="Ports">[1]</P>
    <P Name="Position">[120, 245, 180, 275]</P>
    <P Name="ZOrder">16</P>
    <P Name="VariableName">Speed</P>
    <P Name="MaxDataPoints">inf</P>
    <P Name="SampleTime">-1</P>
  </Block>
  <Block BlockType="ToWorkspace" Name="To Workspace1" SID="638">
    <P Name="Ports">[1]</P>
    <P Name="Position">[765, 40, 855, 70]</P>
    <P Name="ZOrder">24</P>
    <P Name="VariableName">EnergyMes</P>
    <P Name="MaxDataPoints">inf</P>
    <P Name="SaveFormat">Timeseries</P>
    <P Name="FixptAsFi">on</P>
    <P Name="SampleTime">-1</P>
  </Block>
  <Block BlockType="Gain" Name="m/s -&gt; km/h" SID="423">
    <P Name="Position">[130, 130, 145, 160]</P>
    <P Name="ZOrder">-20</P>
    <P Name="BlockMirror">on</P>
    <P Name="NameLocation">top</P>
    <P Name="Gain">3.6</P>
    <P Name="ParamDataTypeStr">Inherit: Same as input</P>
    <P Name="OutDataTypeStr">Inherit: Same as input</P>
    <P Name="SaturateOnIntegerOverflow">on</P>
  </Block>
  <Block BlockType="Gain" Name="m/s -&gt; km/h1" SID="424">
    <P Name="Position">[910, 174, 935, 196]</P>
    <P Name="ZOrder">-21</P>
    <P Name="NameLocation">top</P>
    <P Name="Gain">3.6</P>
    <P Name="ParamDataTypeStr">Inherit: Same as input</P>
    <P Name="OutDataTypeStr">Inherit: Same as input</P>
    <P Name="SaturateOnIntegerOverflow">on</P>
  </Block>
  <Block BlockType="Gain" Name="m/s -&gt; km/h2" SID="425">
    <P Name="Position">[920, 244, 945, 266]</P>
    <P Name="ZOrder">-22</P>
    <P Name="NameLocation">top</P>
    <P Name="ShowName">off</P>
    <P Name="Gain">1/1000</P>
    <P Name="ParamDataTypeStr">Inherit: Same as input</P>
    <P Name="OutDataTypeStr">Inherit: Same as input</P>
    <P Name="SaturateOnIntegerOverflow">on</P>
  </Block>
  <Block BlockType="Gain" Name="m/s -&gt; km/h3" SID="426">
    <P Name="Position">[930, 259, 955, 281]</P>
    <P Name="ZOrder">-23</P>
    <P Name="NameLocation">top</P>
    <P Name="ShowName">off</P>
    <P Name="Gain">1/1000</P>
    <P Name="ParamDataTypeStr">Inherit: Same as input</P>
    <P Name="OutDataTypeStr">Inherit: Same as input</P>
    <P Name="SaturateOnIntegerOverflow">on</P>
  </Block>
  <Block BlockType="Gain" Name="m/s -&gt; km/h4" SID="427">
    <P Name="Position">[940, 274, 965, 296]</P>
    <P Name="ZOrder">-24</P>
    <P Name="NameLocation">top</P>
    <P Name="ShowName">off</P>
    <P Name="Gain">1/1000</P>
    <P Name="ParamDataTypeStr">Inherit: Same as input</P>
    <P Name="OutDataTypeStr">Inherit: Same as input</P>
    <P Name="SaturateOnIntegerOverflow">on</P>
  </Block>
  <Block BlockType="SubSystem" Name="spdref" SID="428">
    <P Name="Ports">[0, 1]</P>
    <P Name="Position">[120, 170, 175, 200]</P>
    <P Name="ZOrder">-25</P>
    <P Name="BackgroundColor">cyan</P>
    <P Name="ShowName">off</P>
    <P Name="RequestExecContextInheritance">off</P>
    <System Ref="system_428"/>
  </Block>
  <Block BlockType="Scope" Name="v* &amp; v" SID="445">
    <P Name="Ports">[1]</P>
    <P Name="Position">[15, 136, 30, 154]</P>
    <P Name="ZOrder">-26</P>
    <P Name="BlockMirror">on</P>
    <P Name="ForegroundColor">gray</P>
    <P Name="NameLocation">top</P>
    <P Name="ScopeSpecificationString">Simulink.scopes.TimeScopeBlockCfg(&apos;CurrentConfiguration&apos;, extmgr.ConfigurationSet(extmgr.Configuration(&apos;Core&apos;,&apos;General UI&apos;,true),extmgr.Configuration(&apos;Core&apos;,&apos;Source UI&apos;,true),extmgr.Configuration(&apos;Sources&apos;,&apos;WiredSimulink&apos;,true,&apos;DataLoggingSaveFormat&apos;,&apos;StructureWithTime&apos;,&apos;DataLoggingMaxPoints&apos;,&apos;5000000&apos;,&apos;DataLoggingLimitDataPoints&apos;,true,&apos;DataLoggingDecimation&apos;,&apos;1&apos;,&apos;DataLoggingDecimateData&apos;,true),extmgr.Configuration(&apos;Visuals&apos;,&apos;Time Domain&apos;,true,&apos;SerializedDisplays&apos;,{struct(&apos;MinYLimReal&apos;,&apos;-16.42659&apos;,&apos;MaxYLimReal&apos;,&apos;147.83932&apos;,&apos;YLabelReal&apos;,&apos;&apos;,&apos;MinYLimMag&apos;,&apos;0.00000&apos;,&apos;MaxYLimMag&apos;,&apos;147.83932&apos;,&apos;LegendVisibility&apos;,&apos;Off&apos;,&apos;XGrid&apos;,true,&apos;YGrid&apos;,true,&apos;PlotMagPhase&apos;,false,&apos;AxesColor&apos;,[0 0 0],&apos;AxesTickColor&apos;,[0.686274509803922 0.686274509803922 0.686274509803922],&apos;ColorOrder&apos;,[1 1 0.0666666666666667;0.0745098039215686 0.623529411764706 1;1 0.411764705882353 0.16078431372549;0.392156862745098 0.831372549019608 0.0745098039215686;0.717647058823529 0.274509803921569 1;0.0588235294117647 1 1;1 0.0745098039215686 0.650980392156863],&apos;Title&apos;,&apos;Parallel hybrid modell, v &amp; v*&apos;,&apos;LinePropertiesCache&apos;,{{}},&apos;UserDefinedChannelNames&apos;,{{}},&apos;NumLines&apos;,2,&apos;LineNames&apos;,{{&apos;m/s -&gt; km/h:1&apos;,&apos;m/s -&gt; km/h:2&apos;}},&apos;ShowContent&apos;,true,&apos;Placement&apos;,1)},&apos;DisplayPropertyDefaults&apos;,struct(&apos;MinYLimReal&apos;,&apos;-16.42659&apos;,&apos;MaxYLimReal&apos;,&apos;147.83932&apos;,&apos;YLabelReal&apos;,&apos;&apos;,&apos;MinYLimMag&apos;,&apos;0.00000&apos;,&apos;MaxYLimMag&apos;,&apos;147.83932&apos;,&apos;LegendVisibility&apos;,&apos;Off&apos;,&apos;XGrid&apos;,true,&apos;YGrid&apos;,true,&apos;PlotMagPhase&apos;,false,&apos;AxesColor&apos;,[0 0 0],&apos;AxesTickColor&apos;,[0.686274509803922 0.686274509803922 0.686274509803922],&apos;ColorOrder&apos;,[1 1 0.0666666666666667;0.0745098039215686 0.623529411764706 1;1 0.411764705882353 0.16078431372549;0.392156862745098 0.831372549019608 0.0745098039215686;0.717647058823529 0.274509803921569 1;0.0588235294117647 1 1;1 0.0745098039215686 0.650980392156863],&apos;Title&apos;,&apos;Parallel hybrid modell, v &amp; v*&apos;,&apos;LinePropertiesCache&apos;,{{}},&apos;UserDefinedChannelNames&apos;,{{}},&apos;NumLines&apos;,0,&apos;LineNames&apos;,{{[]}},&apos;ShowContent&apos;,true,&apos;Placement&apos;,1),&apos;TimeRangeSamples&apos;,&apos;endtime&apos;,&apos;TimeRangeFrames&apos;,&apos;endtime&apos;),extmgr.Configuration(&apos;Tools&apos;,&apos;Plot Navigation&apos;,true,&apos;OnceAtStop&apos;,false,&apos;PreviousAutoscale&apos;,&apos;XY&apos;),extmgr.Configuration(&apos;Tools&apos;,&apos;Measurements&apos;,true,&apos;Version&apos;,&apos;2021a&apos;)),&apos;Version&apos;,&apos;2021a&apos;,&apos;Location&apos;,[-1687 -154.6 -213.4 289.4])</P>
    <P Name="NumInputPorts">1</P>
    <P Name="Floating">off</P>
  </Block>
  <Line>
    <P Name="ZOrder">1</P>
    <P Name="Src">225#out:2</P>
    <P Name="Points">[26, 0; 0, -25]</P>
    <P Name="Dst">80#in:2</P>
  </Line>
  <Line>
    <P Name="ZOrder">2</P>
    <P Name="Src">53#out:1</P>
    <P Name="Dst">1#in:2</P>
  </Line>
  <Line>
    <P Name="ZOrder">3</P>
    <P Name="Src">428#out:1</P>
    <P Name="Points">[30, 0]</P>
    <Branch>
      <P Name="ZOrder">4</P>
      <P Name="Dst">54#in:1</P>
    </Branch>
    <Branch>
      <P Name="ZOrder">5</P>
      <P Name="Points">[0, -50]</P>
      <P Name="Dst">224#in:1</P>
    </Branch>
  </Line>
  <Line>
    <P Name="ZOrder">6</P>
    <P Name="Src">54#out:1</P>
    <P Name="Points">[10, 0]</P>
    <Branch>
      <P Name="ZOrder">7</P>
      <P Name="Points">[0, 210; 300, 0; 0, -30]</P>
      <P Name="Dst">42#in:3</P>
    </Branch>
    <Branch>
      <P Name="ZOrder">8</P>
      <P Name="Dst">225#in:1</P>
    </Branch>
  </Line>
  <Line>
    <P Name="ZOrder">9</P>
    <P Name="Src">224#out:1</P>
    <P Name="Dst">423#in:1</P>
  </Line>
  <Line>
    <P Name="ZOrder">10</P>
    <P Name="Src">225#out:3</P>
    <P Name="Points">[10, 0; 0, 30; 175, 0]</P>
    <Branch>
      <P Name="ZOrder">11</P>
      <P Name="Points">[0, 40]</P>
      <P Name="Dst">42#in:2</P>
    </Branch>
    <Branch>
      <P Name="ZOrder">12</P>
      <P Name="Points">[0, -20; 126, 0; 0, -75]</P>
      <P Name="Dst">190#in:2</P>
    </Branch>
  </Line>
  <Line>
    <P Name="ZOrder">13</P>
    <P Name="Src">225#out:1</P>
    <P Name="Dst">80#in:1</P>
  </Line>
  <Line>
    <P Name="ZOrder">14</P>
    <P Name="Src">190#out:1</P>
    <P Name="Points">[15, 0]</P>
    <Branch>
      <P Name="ZOrder">15</P>
      <P Name="Dst">560#in:1</P>
    </Branch>
    <Branch>
      <P Name="ZOrder">16</P>
      <P Name="Points">[0, 125]</P>
      <Branch>
        <P Name="ZOrder">53</P>
        <P Name="Points">[0, 117; -655, 0; 0, -157]</P>
        <Branch>
          <P Name="ZOrder">18</P>
          <P Name="Points">[0, -70]</P>
          <Branch>
            <P Name="ZOrder">19</P>
            <P Name="Dst">54#in:2</P>
          </Branch>
          <Branch>
            <P Name="ZOrder">20</P>
            <P Name="Points">[0, -50]</P>
            <P Name="Dst">224#in:2</P>
          </Branch>
        </Branch>
        <Branch>
          <P Name="ZOrder">21</P>
          <P Name="Dst">225#in:2</P>
        </Branch>
      </Branch>
      <Branch>
        <P Name="ZOrder">22</P>
        <P Name="Dst">382#in:1</P>
      </Branch>
    </Branch>
    <Branch>
      <P Name="ZOrder">23</P>
      <P Name="Dst">424#in:1</P>
    </Branch>
  </Line>
  <Line>
    <P Name="ZOrder">24</P>
    <P Name="Src">80#out:1</P>
    <P Name="Points">[20, 0; 0, 5]</P>
    <Branch>
      <P Name="ZOrder">25</P>
      <P Name="Points">[0, 140]</P>
      <P Name="Dst">42#in:1</P>
    </Branch>
    <Branch>
      <P Name="ZOrder">26</P>
      <P Name="Dst">190#in:1</P>
    </Branch>
  </Line>
  <Line>
    <P Name="ZOrder">27</P>
    <P Name="Src">80#out:2</P>
    <P Name="Points">[9, 0; 0, 125]</P>
    <P Name="Dst">1#in:1</P>
  </Line>
  <Line>
    <P Name="ZOrder">28</P>
    <P Name="Src">423#out:1</P>
    <P Name="Points">[-40, 0]</P>
    <Branch>
      <P Name="ZOrder">29</P>
      <P Name="Points">[0, -126; 897, 0; 0, 206]</P>
      <P Name="Dst">381#in:1</P>
    </Branch>
    <Branch>
      <P Name="ZOrder">30</P>
      <P Name="Points">[0, 59; -68, 0; 0, 66]</P>
      <P Name="Dst">533#in:2</P>
    </Branch>
    <Branch>
      <P Name="ZOrder">31</P>
      <P Name="Dst">445#in:1</P>
    </Branch>
  </Line>
  <Line>
    <P Name="ZOrder">32</P>
    <P Name="Src">1#out:1</P>
    <P Name="Dst">400#in:1</P>
  </Line>
  <Line>
    <P Name="ZOrder">33</P>
    <P Name="Src">1#out:3</P>
    <P Name="Dst">400#in:2</P>
  </Line>
  <Line>
    <P Name="ZOrder">34</P>
    <P Name="Src">133#out:1</P>
    <P Name="Points">[0, 25]</P>
    <P Name="Dst">381#in:2</P>
  </Line>
  <Line>
    <P Name="ZOrder">35</P>
    <P Name="Src">190#out:2</P>
    <P Name="Points">[31, 0]</P>
    <Branch>
      <P Name="ZOrder">36</P>
      <P Name="Points">[0, 150]</P>
      <P Name="Dst">467#in:1</P>
    </Branch>
    <Branch>
      <P Name="ZOrder">37</P>
      <P Name="Points">[34, 0]</P>
      <P Name="Dst">425#in:1</P>
    </Branch>
  </Line>
  <Line>
    <P Name="ZOrder">38</P>
    <P Name="Src">190#out:3</P>
    <P Name="Points">[60, 0; 0, 25]</P>
    <P Name="Dst">426#in:1</P>
  </Line>
  <Line>
    <P Name="ZOrder">39</P>
    <P Name="Src">190#out:4</P>
    <P Name="Points">[55, 0; 0, 10]</P>
    <P Name="Dst">427#in:1</P>
  </Line>
  <Line>
    <P Name="ZOrder">40</P>
    <P Name="Src">425#out:1</P>
    <P Name="Dst">381#in:3</P>
  </Line>
  <Line>
    <P Name="ZOrder">41</P>
    <P Name="Src">426#out:1</P>
    <P Name="Dst">381#in:4</P>
  </Line>
  <Line>
    <P Name="ZOrder">42</P>
    <P Name="Src">427#out:1</P>
    <P Name="Dst">381#in:5</P>
  </Line>
  <Line>
    <P Name="ZOrder">43</P>
    <P Name="Src">42#out:1</P>
    <P Name="Points">[19, 0; 0, -105]</P>
    <P Name="Dst">190#in:3</P>
  </Line>
  <Line>
    <P Name="ZOrder">44</P>
    <P Name="Src">382#out:1</P>
    <P Name="Points">[-14, 0]</P>
    <Branch>
      <P Name="ZOrder">45</P>
      <P Name="Points">[0, 65]</P>
      <P Name="Dst">582#in:1</P>
    </Branch>
    <Branch>
      <P Name="ZOrder">46</P>
      <P Name="Points">[0, -35]</P>
      <P Name="Dst">190#in:4</P>
    </Branch>
  </Line>
  <Line>
    <P Name="ZOrder">47</P>
    <P Name="Src">532#out:1</P>
    <P Name="Dst">533#in:1</P>
  </Line>
  <Line>
    <P Name="ZOrder">48</P>
    <P Name="Src">533#out:1</P>
    <P Name="Dst">524#in:1</P>
  </Line>
  <Line>
    <P Name="ZOrder">49</P>
    <P Name="Src">560#out:1</P>
    <P Name="Points">[-20, 0; 0, -15]</P>
    <Branch>
      <P Name="ZOrder">50</P>
      <P Name="Points">[0, -50]</P>
      <Branch>
        <P Name="ZOrder">91</P>
        <P Name="Dst">579#in:1</P>
      </Branch>
      <Branch>
        <P Name="ZOrder">90</P>
        <P Name="Dst">638#in:1</P>
      </Branch>
    </Branch>
    <Branch>
      <P Name="ZOrder">51</P>
      <P Name="Dst">581#in:1</P>
    </Branch>
  </Line>
  <Line>
    <P Name="ZOrder">52</P>
    <P Name="Src">560#out:2</P>
    <P Name="Points">[-27, 0; 0, 20]</P>
    <P Name="Dst">580#in:1</P>
  </Line>
  <Annotation SID="446">
    <P Name="Name">Full EV model</P>
    <P Name="Position">[422, 55, 529, 75]</P>
    <P Name="InternalMargins">[0, 0, 0, 0]</P>
    <P Name="BackgroundColor">yellow</P>
    <P Name="ZOrder">-1</P>
    <P Name="FontName">Arial</P>
    <P Name="FontSize">16</P>
    <P Name="FontWeight">bold</P>
  </Annotation>
</System>
