<?xml version="1.0" encoding="utf-8"?>
<System>
  <P Name="Location">[-1927, -554, 7, 500]</P>
  <P Name="SystemRect">[0.000000, 0.000000, 0.000000, 0.000000]</P>
  <P Name="SetExecutionDomain">off</P>
  <P Name="ExecutionDomainType">Deduce</P>
  <P Name="ZoomFactor">143</P>
  <P Name="SimulinkSubDomain">Simulink</P>
  <Block BlockType="Inport" Name="T*em" SID="82">
    <P Name="Position">[20, 128, 50, 142]</P>
    <P Name="ZOrder">-2</P>
  </Block>
  <Block BlockType="Inport" Name="wem" SID="81">
    <P Name="Position">[20, 213, 50, 227]</P>
    <P Name="ZOrder">-1</P>
    <P Name="Port">2</P>
  </Block>
  <Block BlockType="Switch" Name="0&lt;T&lt;0 ?" SID="83">
    <P Name="Position">[450, 275, 480, 305]</P>
    <P Name="ZOrder">-3</P>
    <P Name="BackgroundColor">cyan</P>
  </Block>
  <Block BlockType="Clock" Name="Clock" SID="85">
    <P Name="Position">[825, 525, 845, 545]</P>
    <P Name="ZOrder">-5</P>
  </Block>
  <Block BlockType="Clock" Name="Clock1" SID="595">
    <P Name="Position">[905, 450, 925, 470]</P>
    <P Name="ZOrder">5</P>
  </Block>
  <Block BlockType="Scope" Name="EM" SID="86">
    <P Name="Ports">[4]</P>
    <P Name="Position">[810, 374, 840, 431]</P>
    <P Name="ZOrder">-6</P>
    <P Name="ForegroundColor">gray</P>
    <P Name="ScopeSpecificationString">Simulink.scopes.TimeScopeBlockCfg(&apos;CurrentConfiguration&apos;, extmgr.ConfigurationSet(extmgr.Configuration(&apos;Core&apos;,&apos;General UI&apos;,true),extmgr.Configuration(&apos;Core&apos;,&apos;Source UI&apos;,true),extmgr.Configuration(&apos;Sources&apos;,&apos;WiredSimulink&apos;,true,&apos;DataLoggingSaveFormat&apos;,&apos;StructureWithTime&apos;,&apos;DataLoggingMaxPoints&apos;,&apos;50000&apos;,&apos;DataLoggingDecimation&apos;,&apos;1&apos;,&apos;DataLoggingDecimateData&apos;,true),extmgr.Configuration(&apos;Visuals&apos;,&apos;Time Domain&apos;,true,&apos;SerializedDisplays&apos;,{struct(&apos;MinYLimReal&apos;,&apos;-189.58235&apos;,&apos;MaxYLimReal&apos;,&apos;179.66385&apos;,&apos;YLabelReal&apos;,&apos;&apos;,&apos;MinYLimMag&apos;,&apos; 0.00000&apos;,&apos;MaxYLimMag&apos;,&apos;189.58235&apos;,&apos;LegendVisibility&apos;,&apos;Off&apos;,&apos;XGrid&apos;,true,&apos;YGrid&apos;,true,&apos;PlotMagPhase&apos;,false,&apos;AxesColor&apos;,[0 0 0],&apos;AxesTickColor&apos;,[0.686274509803922 0.686274509803922 0.686274509803922],&apos;ColorOrder&apos;,[1 1 0.0666666666666667;0.0745098039215686 0.623529411764706 1;1 0.411764705882353 0.16078431372549;0.392156862745098 0.831372549019608 0.0745098039215686;0.717647058823529 0.274509803921569 1;0.0588235294117647 1 1;1 0.0745098039215686 0.650980392156863],&apos;Title&apos;,&apos;EM Actual and Reference Torque  [Nm]&apos;,&apos;LinePropertiesCache&apos;,{{}},&apos;UserDefinedChannelNames&apos;,{{}},&apos;NumLines&apos;,0,&apos;LineNames&apos;,{{[]}},&apos;ShowContent&apos;,true,&apos;Placement&apos;,1),struct(&apos;MinYLimReal&apos;,&apos;-861.20179&apos;,&apos;MaxYLimReal&apos;,&apos;8009.49875&apos;,&apos;YLabelReal&apos;,&apos;&apos;,&apos;MinYLimMag&apos;,&apos;0&apos;,&apos;MaxYLimMag&apos;,&apos;10&apos;,&apos;LegendVisibility&apos;,&apos;off&apos;,&apos;XGrid&apos;,true,&apos;YGrid&apos;,true,&apos;PlotMagPhase&apos;,false,&apos;AxesColor&apos;,[0 0 0],&apos;AxesTickColor&apos;,[0.686274509803922 0.686274509803922 0.686274509803922],&apos;ColorOrder&apos;,[1 1 0.0666666666666667;0.0745098039215686 0.623529411764706 1;1 0.411764705882353 0.16078431372549;0.392156862745098 0.831372549019608 0.0745098039215686;0.717647058823529 0.274509803921569 1;0.0588235294117647 1 1;1 0.0745098039215686 0.650980392156863],&apos;Title&apos;,&apos;EM Speed [rpm]&apos;,&apos;LinePropertiesCache&apos;,{{}},&apos;UserDefinedChannelNames&apos;,{{}},&apos;NumLines&apos;,0,&apos;LineNames&apos;,{{[]}},&apos;ShowContent&apos;,true,&apos;Placement&apos;,2),struct(&apos;MinYLimReal&apos;,&apos;-0.11&apos;,&apos;MaxYLimReal&apos;,&apos;0.99002&apos;,&apos;YLabelReal&apos;,&apos;&apos;,&apos;MinYLimMag&apos;,&apos;0&apos;,&apos;MaxYLimMag&apos;,&apos;10&apos;,&apos;LegendVisibility&apos;,&apos;off&apos;,&apos;XGrid&apos;,true,&apos;YGrid&apos;,true,&apos;PlotMagPhase&apos;,false,&apos;AxesColor&apos;,[0 0 0],&apos;AxesTickColor&apos;,[0.686274509803922 0.686274509803922 0.686274509803922],&apos;ColorOrder&apos;,[1 1 0.0666666666666667;0.0745098039215686 0.623529411764706 1;1 0.411764705882353 0.16078431372549;0.392156862745098 0.831372549019608 0.0745098039215686;0.717647058823529 0.274509803921569 1;0.0588235294117647 1 1;1 0.0745098039215686 0.650980392156863],&apos;Title&apos;,&apos;EM Drive Instantaneous and Average Efficiency&apos;,&apos;LinePropertiesCache&apos;,{{}},&apos;UserDefinedChannelNames&apos;,{{}},&apos;NumLines&apos;,0,&apos;LineNames&apos;,{{[]}},&apos;ShowContent&apos;,true,&apos;Placement&apos;,3),struct(&apos;MinYLimReal&apos;,&apos;-62866.99573&apos;,&apos;MaxYLimReal&apos;,&apos;70328.40335&apos;,&apos;YLabelReal&apos;,&apos;&apos;,&apos;MinYLimMag&apos;,&apos;0&apos;,&apos;MaxYLimMag&apos;,&apos;10&apos;,&apos;LegendVisibility&apos;,&apos;off&apos;,&apos;XGrid&apos;,true,&apos;YGrid&apos;,true,&apos;PlotMagPhase&apos;,false,&apos;AxesColor&apos;,[0 0 0],&apos;AxesTickColor&apos;,[0.686274509803922 0.686274509803922 0.686274509803922],&apos;ColorOrder&apos;,[1 1 0.0666666666666667;0.0745098039215686 0.623529411764706 1;1 0.411764705882353 0.16078431372549;0.392156862745098 0.831372549019608 0.0745098039215686;0.717647058823529 0.274509803921569 1;0.0588235294117647 1 1;1 0.0745098039215686 0.650980392156863],&apos;Title&apos;,&apos;EM Mechanical Power [W]&apos;,&apos;LinePropertiesCache&apos;,{{}},&apos;UserDefinedChannelNames&apos;,{{}},&apos;NumLines&apos;,0,&apos;LineNames&apos;,{{[]}},&apos;ShowContent&apos;,true,&apos;Placement&apos;,4)},&apos;DisplayPropertyDefaults&apos;,struct(&apos;YLabelReal&apos;,&apos;&apos;,&apos;AxesColor&apos;,[0 0 0],&apos;AxesTickColor&apos;,[0.686274509803922 0.686274509803922 0.686274509803922],&apos;ColorOrder&apos;,[1 1 0.0666666666666667;0.0745098039215686 0.623529411764706 1;1 0.411764705882353 0.16078431372549;0.392156862745098 0.831372549019608 0.0745098039215686;0.717647058823529 0.274509803921569 1;0.0588235294117647 1 1;1 0.0745098039215686 0.650980392156863],&apos;Title&apos;,&apos;EM Actual and Reference Torque  [Nm]&apos;,&apos;LinePropertiesCache&apos;,{{}},&apos;UserDefinedChannelNames&apos;,{{}},&apos;NumLines&apos;,0,&apos;LineNames&apos;,{{[]}},&apos;ShowContent&apos;,true,&apos;Placement&apos;,1),&apos;DisplayLayoutDimensions&apos;,[4 1],&apos;TimeRangeSamples&apos;,&apos;endtime&apos;,&apos;TimeRangeFrames&apos;,&apos;endtime&apos;),extmgr.Configuration(&apos;Tools&apos;,&apos;Plot Navigation&apos;,true,&apos;OnceAtStop&apos;,false,&apos;PreviousAutoscale&apos;,&apos;XY&apos;),extmgr.Configuration(&apos;Tools&apos;,&apos;Measurements&apos;,true,&apos;Version&apos;,&apos;2020b&apos;)),&apos;Version&apos;,&apos;2020b&apos;,&apos;Location&apos;,[618 121 1666 1045])</P>
    <P Name="NumInputPorts">4</P>
    <P Name="Floating">off</P>
  </Block>
  <Block BlockType="Fcn" Name="Fcn" SID="87">
    <P Name="Position">[390, 286, 425, 314]</P>
    <P Name="ZOrder">-7</P>
    <P Name="BackgroundColor">cyan</P>
    <P Name="ShowName">off</P>
    <P Name="Expr">1/u[1]</P>
  </Block>
  <Block BlockType="Gain" Name="Gain" SID="88">
    <P Name="Position">[285, 265, 315, 295]</P>
    <P Name="ZOrder">-8</P>
    <P Name="Gain">EtaGEAR</P>
    <P Name="ParamDataTypeStr">Inherit: Same as input</P>
    <P Name="OutDataTypeStr">Inherit: Same as input</P>
    <P Name="SaturateOnIntegerOverflow">on</P>
  </Block>
  <Block BlockType="Gain" Name="Gain1" SID="89">
    <P Name="Position">[335, 265, 365, 295]</P>
    <P Name="ZOrder">-9</P>
    <P Name="Gain">EtaPE</P>
    <P Name="ParamDataTypeStr">Inherit: Same as input</P>
    <P Name="OutDataTypeStr">Inherit: Same as input</P>
    <P Name="SaturateOnIntegerOverflow">on</P>
  </Block>
  <Block BlockType="Gain" Name="Gain2" SID="485">
    <P Name="Position">[680, 320, 710, 350]</P>
    <P Name="ZOrder">1</P>
    <P Name="Gain">30/pi</P>
    <P Name="ParamDataTypeStr">Inherit: Same as input</P>
    <P Name="OutDataTypeStr">Inherit: Same as input</P>
    <P Name="SaturateOnIntegerOverflow">on</P>
  </Block>
  <Block BlockType="Saturate" Name="Limit T" SID="90">
    <P Name="Position">[80, 120, 110, 150]</P>
    <P Name="ZOrder">-10</P>
    <P Name="BackgroundColor">yellow</P>
    <P Name="UpperLimit">Tem_max</P>
    <P Name="LowerLimit">-Tem_max</P>
  </Block>
  <Block BlockType="Saturate" Name="Limit w" SID="91">
    <P Name="Position">[80, 205, 110, 235]</P>
    <P Name="ZOrder">-11</P>
    <P Name="BackgroundColor">yellow</P>
    <P Name="UpperLimit">wem_max</P>
    <P Name="LowerLimit">0</P>
  </Block>
  <Block BlockType="SubSystem" Name="Look-Up&#xA;Table (2-D)" SID="92">
    <P Name="Ports">[2, 1]</P>
    <P Name="Position">[210, 252, 265, 303]</P>
    <P Name="ZOrder">-12</P>
    <P Name="BackgroundColor">yellow</P>
    <P Name="RequestExecContextInheritance">off</P>
    <Mask>
      <Type>Lookup Table (2-D)</Type>
      <Display>plot(double(xi),double(t),double([minx maxx]),double([mint mint]),double([minx minx]),double([mint maxt]))</Display>
      <Description>Performs 2-D linear interpolation of input values using the specified input/output table.  Extrapolation is performed outside the table boundaries.  The first dimension corresponds to the top (or left) input port.</Description>
      <Initialization>[r,c]=size(t);
xt=reshape(x,prod(size(x)),1);
xi=xt(:,ones(1,c));
minx=min(x); maxx=max(x);
mint=min(min(t)); maxt=max(max(t));
</Initialization>
      <MaskParameter Name="x" Type="edit">
        <Prompt>Row:</Prompt>
        <Value>Tem</Value>
      </MaskParameter>
      <MaskParameter Name="y" Type="edit">
        <Prompt>Column:</Prompt>
        <Value>Wem</Value>
      </MaskParameter>
      <MaskParameter Name="t" Type="edit">
        <Prompt>Table:</Prompt>
        <Value>EtaEM</Value>
      </MaskParameter>
    </Mask>
    <System Ref="system_92"/>
  </Block>
  <Block BlockType="SubSystem" Name="Medelvärde" SID="97">
    <P Name="Ports">[1, 1]</P>
    <P Name="Position">[440, 362, 500, 388]</P>
    <P Name="ZOrder">-13</P>
    <P Name="ForegroundColor">gray</P>
    <P Name="RequestExecContextInheritance">off</P>
    <System Ref="system_97"/>
  </Block>
  <Block BlockType="SubSystem" Name="Medelvärde1" SID="583">
    <P Name="Ports">[1, 1]</P>
    <P Name="Position">[632, 390, 658, 450]</P>
    <P Name="ZOrder">2</P>
    <P Name="BlockRotation">270</P>
    <P Name="BlockMirror">on</P>
    <P Name="ForegroundColor">gray</P>
    <P Name="NameLocation">left</P>
    <P Name="RequestExecContextInheritance">off</P>
    <System Ref="system_583"/>
  </Block>
  <Block BlockType="Mux" Name="Mux" SID="107">
    <P Name="Ports">[2, 1]</P>
    <P Name="Position">[400, 86, 405, 124]</P>
    <P Name="ZOrder">-14</P>
    <P Name="ForegroundColor">gray</P>
    <P Name="ShowName">off</P>
    <P Name="Inputs">2</P>
    <P Name="DisplayOption">bar</P>
  </Block>
  <Block BlockType="Mux" Name="Mux1" SID="108">
    <P Name="Ports">[2, 1]</P>
    <P Name="Position">[745, 451, 750, 489]</P>
    <P Name="ZOrder">-15</P>
    <P Name="ForegroundColor">gray</P>
    <P Name="ShowName">off</P>
    <P Name="Inputs">2</P>
    <P Name="DisplayOption">bar</P>
  </Block>
  <Block BlockType="Mux" Name="Mux2" SID="109">
    <P Name="Ports">[3, 1]</P>
    <P Name="Position">[905, 531, 910, 569]</P>
    <P Name="ZOrder">-16</P>
    <P Name="ForegroundColor">gray</P>
    <P Name="ShowName">off</P>
    <P Name="Inputs">3</P>
    <P Name="DisplayOption">bar</P>
  </Block>
  <Block BlockType="Mux" Name="Mux3" SID="596">
    <P Name="Ports">[2, 1]</P>
    <P Name="Position">[985, 456, 990, 494]</P>
    <P Name="ZOrder">4</P>
    <P Name="ForegroundColor">gray</P>
    <P Name="ShowName">off</P>
    <P Name="Inputs">2</P>
    <P Name="DisplayOption">bar</P>
  </Block>
  <Block BlockType="Product" Name="P/ n" SID="110">
    <P Name="Ports">[3, 1]</P>
    <P Name="Position">[530, 202, 550, 238]</P>
    <P Name="ZOrder">-17</P>
    <P Name="BackgroundColor">cyan</P>
    <P Name="Inputs">**/</P>
    <P Name="InputSameDT">on</P>
    <P Name="OutDataTypeStr">Inherit: Same as first input</P>
    <P Name="SaturateOnIntegerOverflow">on</P>
  </Block>
  <Block BlockType="Product" Name="Power" SID="111">
    <P Name="Ports">[2, 1]</P>
    <P Name="Position">[138, 305, 182, 320]</P>
    <P Name="ZOrder">-18</P>
    <P Name="BlockRotation">270</P>
    <P Name="BlockMirror">on</P>
    <P Name="ForegroundColor">gray</P>
    <P Name="NameLocation">left</P>
    <P Name="OutDataTypeStr">Inherit: Same as first input</P>
    <P Name="SaturateOnIntegerOverflow">on</P>
  </Block>
  <Block BlockType="Signum" Name="Sign" SID="112">
    <P Name="Position">[390, 235, 415, 265]</P>
    <P Name="ZOrder">-19</P>
    <P Name="BackgroundColor">cyan</P>
    <P Name="ShowName">off</P>
  </Block>
  <Block BlockType="SubSystem" Name="Subsystem" SID="113">
    <P Name="Ports">[2, 1]</P>
    <P Name="Position">[210, 123, 265, 167]</P>
    <P Name="ZOrder">-20</P>
    <P Name="BackgroundColor">yellow</P>
    <P Name="RequestExecContextInheritance">off</P>
    <Mask>
      <Display IconOpaque="transparent">plot(-120,-120,120,120)
plot([-110 110],[0 0],[0 0],[-110 110])
plot([-20 20],[90 90],[-20 20],[-90 -90])

plot([-100 :-20],-90*20./[-100:-20])
plot([-100 :-20],90*20./[-100:-20])
plot([20:100],-90*20./[20:100])
plot([20:100],90*20./[20:100])</Display>
      <MaskParameter Name="Tmax" Type="edit">
        <Prompt>Max Torque</Prompt>
        <Value>Tem_max</Value>
      </MaskParameter>
      <MaskParameter Name="Pmax" Type="edit">
        <Prompt>Max Power</Prompt>
        <Value>Pem_max</Value>
      </MaskParameter>
    </Mask>
    <System Ref="system_113"/>
  </Block>
  <Block BlockType="ToWorkspace" Name="To Workspace" SID="124">
    <P Name="Ports">[1]</P>
    <P Name="Position">[940, 535, 1000, 565]</P>
    <P Name="ZOrder">-21</P>
    <P Name="VariableName">tWTem</P>
    <P Name="MaxDataPoints">inf</P>
    <P Name="SampleTime">-1</P>
  </Block>
  <Block BlockType="ToWorkspace" Name="To Workspace1" SID="597">
    <P Name="Ports">[1]</P>
    <P Name="Position">[1020, 460, 1080, 490]</P>
    <P Name="ZOrder">3</P>
    <P Name="VariableName">tPinstPave</P>
    <P Name="MaxDataPoints">inf</P>
    <P Name="SampleTime">-1</P>
  </Block>
  <Block BlockType="Gain" Name="rad/s -&gt; rpm" SID="125">
    <P Name="Position">[670, 514, 720, 546]</P>
    <P Name="ZOrder">-22</P>
    <P Name="ForegroundColor">gray</P>
    <P Name="NameLocation">top</P>
    <P Name="Gain">30/pi</P>
    <P Name="ParamDataTypeStr">Inherit: Same as input</P>
    <P Name="OutDataTypeStr">Inherit: Same as input</P>
    <P Name="SaturateOnIntegerOverflow">on</P>
  </Block>
  <Block BlockType="Outport" Name="T_em" SID="126">
    <P Name="Position">[670, 138, 700, 152]</P>
    <P Name="ZOrder">-23</P>
    <P Name="InitialOutput">0</P>
    <P Name="VectorParamsAs1DForOutWhenUnconnected">off</P>
  </Block>
  <Block BlockType="Outport" Name="Pel_em" SID="127">
    <P Name="Position">[675, 213, 705, 227]</P>
    <P Name="ZOrder">-24</P>
    <P Name="Port">2</P>
    <P Name="InitialOutput">0</P>
    <P Name="VectorParamsAs1DForOutWhenUnconnected">off</P>
  </Block>
  <Line>
    <P Name="ZOrder">1</P>
    <P Name="Src">81#out:1</P>
    <P Name="Points">[5, 0]</P>
    <Branch>
      <P Name="ZOrder">2</P>
      <P Name="Dst">91#in:1</P>
    </Branch>
    <Branch>
      <P Name="ZOrder">3</P>
      <P Name="Points">[0, 115; 465, 0]</P>
      <Branch>
        <P Name="ZOrder">4</P>
        <P Name="Dst">485#in:1</P>
      </Branch>
      <Branch>
        <P Name="ZOrder">5</P>
        <P Name="Points">[0, 195]</P>
        <P Name="Dst">125#in:1</P>
      </Branch>
    </Branch>
  </Line>
  <Line>
    <P Name="ZOrder">6</P>
    <P Name="Src">112#out:1</P>
    <P Name="Points">[10, 0; 0, 40]</P>
    <P Name="Dst">83#in:2</P>
  </Line>
  <Line>
    <P Name="ZOrder">7</P>
    <P Name="Src">110#out:1</P>
    <P Name="Points">[71, 0]</P>
    <Branch>
      <P Name="ZOrder">8</P>
      <P Name="Points">[0, 144; 19, 0]</P>
      <P Name="Dst">583#in:1</P>
    </Branch>
    <Branch>
      <P Name="ZOrder">9</P>
      <P Name="Dst">127#in:1</P>
    </Branch>
  </Line>
  <Line>
    <P Name="ZOrder">10</P>
    <P Name="Src">82#out:1</P>
    <P Name="Points">[5, 0]</P>
    <Branch>
      <P Name="ZOrder">11</P>
      <P Name="Dst">90#in:1</P>
    </Branch>
    <Branch>
      <P Name="ZOrder">12</P>
      <P Name="Points">[0, -40]</P>
      <P Name="Dst">107#in:1</P>
    </Branch>
  </Line>
  <Line>
    <P Name="ZOrder">13</P>
    <P Name="Src">87#out:1</P>
    <P Name="Dst">83#in:3</P>
  </Line>
  <Line>
    <P Name="ZOrder">14</P>
    <P Name="Src">92#out:1</P>
    <P Name="Dst">88#in:1</P>
  </Line>
  <Line>
    <P Name="ZOrder">15</P>
    <P Name="Src">90#out:1</P>
    <P Name="Dst">113#in:1</P>
  </Line>
  <Line>
    <P Name="ZOrder">16</P>
    <P Name="Src">91#out:1</P>
    <P Name="Points">[70, 0]</P>
    <Branch>
      <P Name="ZOrder">17</P>
      <P Name="Points">[0, 70]</P>
      <Branch>
        <P Name="ZOrder">18</P>
        <P Name="Dst">92#in:2</P>
      </Branch>
      <Branch>
        <P Name="ZOrder">19</P>
        <P Name="Dst">111#in:2</P>
      </Branch>
    </Branch>
    <Branch>
      <P Name="ZOrder">20</P>
      <P Name="Dst">110#in:2</P>
    </Branch>
    <Branch>
      <P Name="ZOrder">21</P>
      <P Name="Points">[0, -65]</P>
      <P Name="Dst">113#in:2</P>
    </Branch>
  </Line>
  <Line>
    <P Name="ZOrder">22</P>
    <P Name="Src">97#out:1</P>
    <P Name="Points">[240, 0; 0, 35]</P>
    <P Name="Dst">86#in:3</P>
  </Line>
  <Line>
    <P Name="ZOrder">23</P>
    <P Name="Src">107#out:1</P>
    <P Name="Points">[370, 0; 0, 275]</P>
    <P Name="Dst">86#in:1</P>
  </Line>
  <Line>
    <P Name="ZOrder">24</P>
    <P Name="Src">111#out:1</P>
    <P Name="Points">[0, 135]</P>
    <P Name="Dst">108#in:1</P>
  </Line>
  <Line>
    <P Name="ZOrder">25</P>
    <P Name="Src">108#out:1</P>
    <P Name="Points">[20, 0; 0, -45]</P>
    <P Name="Dst">86#in:4</P>
  </Line>
  <Line>
    <P Name="ZOrder">26</P>
    <P Name="Src">88#out:1</P>
    <P Name="Dst">89#in:1</P>
  </Line>
  <Line>
    <P Name="ZOrder">27</P>
    <P Name="Src">89#out:1</P>
    <P Name="Points">[5, 0]</P>
    <Branch>
      <P Name="ZOrder">28</P>
      <P Name="Dst">83#in:1</P>
    </Branch>
    <Branch>
      <P Name="ZOrder">29</P>
      <P Name="Points">[0, 20]</P>
      <Branch>
        <P Name="ZOrder">30</P>
        <P Name="Points">[0, 75]</P>
        <P Name="Dst">97#in:1</P>
      </Branch>
      <Branch>
        <P Name="ZOrder">31</P>
        <P Name="Dst">87#in:1</P>
      </Branch>
    </Branch>
  </Line>
  <Line>
    <P Name="ZOrder">32</P>
    <P Name="Src">113#out:1</P>
    <P Name="Points">[100, 0]</P>
    <Branch>
      <P Name="ZOrder">33</P>
      <P Name="Points">[0, -30]</P>
      <P Name="Dst">107#in:2</P>
    </Branch>
    <Branch>
      <P Name="ZOrder">34</P>
      <P Name="Points">[0, 65]</P>
      <Branch>
        <P Name="ZOrder">35</P>
        <P Name="Points">[-235, 0; 0, 55]</P>
        <Branch>
          <P Name="ZOrder">37</P>
          <P Name="Points">[0, 25]</P>
          <P Name="Dst">111#in:1</P>
        </Branch>
        <Branch>
          <P Name="ZOrder">38</P>
          <P Name="Dst">92#in:1</P>
        </Branch>
      </Branch>
      <Branch>
        <P Name="ZOrder">40</P>
        <P Name="Points">[0, 40]</P>
        <P Name="Dst">112#in:1</P>
      </Branch>
      <Branch>
        <P Name="ZOrder">41</P>
        <P Name="Dst">110#in:1</P>
      </Branch>
    </Branch>
    <Branch>
      <P Name="ZOrder">42</P>
      <P Name="Points">[245, 0]</P>
      <Branch>
        <P Name="ZOrder">43</P>
        <P Name="Dst">126#in:1</P>
      </Branch>
      <Branch>
        <P Name="ZOrder">44</P>
        <P Name="Points">[0, 415]</P>
        <P Name="Dst">109#in:3</P>
      </Branch>
    </Branch>
  </Line>
  <Line>
    <P Name="ZOrder">45</P>
    <P Name="Src">83#out:1</P>
    <P Name="Points">[15, 0; 0, -60]</P>
    <P Name="Dst">110#in:3</P>
  </Line>
  <Line>
    <P Name="ZOrder">46</P>
    <P Name="Src">125#out:1</P>
    <P Name="Points">[40, 0; 0, 20]</P>
    <P Name="Dst">109#in:2</P>
  </Line>
  <Line>
    <P Name="ZOrder">47</P>
    <P Name="Src">85#out:1</P>
    <P Name="Points">[20, 0; 0, 5]</P>
    <P Name="Dst">109#in:1</P>
  </Line>
  <Line>
    <P Name="ZOrder">48</P>
    <P Name="Src">109#out:1</P>
    <P Name="Dst">124#in:1</P>
  </Line>
  <Line>
    <P Name="ZOrder">49</P>
    <P Name="Src">485#out:1</P>
    <P Name="Points">[50, 0; 0, 60]</P>
    <P Name="Dst">86#in:2</P>
  </Line>
  <Line>
    <P Name="ZOrder">50</P>
    <P Name="Src">583#out:1</P>
    <P Name="Points">[0, 25; 82, 0]</P>
    <Branch>
      <P Name="ZOrder">51</P>
      <P Name="Points">[0, 24; 206, 0; 0, -19]</P>
      <P Name="Dst">596#in:2</P>
    </Branch>
    <Branch>
      <P Name="ZOrder">52</P>
      <P Name="Dst">108#in:2</P>
    </Branch>
  </Line>
  <Line>
    <P Name="ZOrder">53</P>
    <P Name="Src">595#out:1</P>
    <P Name="Points">[20, 0; 0, 5]</P>
    <P Name="Dst">596#in:1</P>
  </Line>
  <Line>
    <P Name="ZOrder">54</P>
    <P Name="Src">596#out:1</P>
    <P Name="Dst">597#in:1</P>
  </Line>
  <Annotation SID="129">
    <P Name="Name">Elmaskinens vridmoment begränsas
av tillgänglig spännings och varvtal. Därför
kan maximalt vridmoment beräknas
om varvtalet och vridmomentet är kända.</P>
    <P Name="Position">[46, 16, 236, 66]</P>
    <P Name="InternalMargins">[0, 0, 0, 0]</P>
    <P Name="BackgroundColor">yellow</P>
    <P Name="ZOrder">-2</P>
  </Annotation>
  <Annotation SID="130">
    <P Name="Name">OM fordonet inte går i hybriddrift skall elmaskinen inte
vara inkopplad.</P>
    <P Name="Position">[273, 19, 512, 45]</P>
    <P Name="InternalMargins">[0, 0, 0, 0]</P>
    <P Name="BackgroundColor">magenta</P>
    <P Name="ZOrder">-3</P>
  </Annotation>
  <Annotation SID="131">
    <P Name="Name">Deb elektriska effekt som dras från batteriet beräknas ur axeleffekten
och verkningsgraden. I motordrift är den tillförda elektriska effekten
högre än axeleffekten. I generatordrift är den avgivna elektriska effekten
lägre än axeleffekten.</P>
    <P Name="Position">[61, 518, 380, 568]</P>
    <P Name="InternalMargins">[0, 0, 0, 0]</P>
    <P Name="BackgroundColor">cyan</P>
    <P Name="ZOrder">-4</P>
  </Annotation>
</System>
