<?xml version="1.0" encoding="utf-8"?>
<System>
  <P Name="Location">[2339, -135, 3929, 789]</P>
  <P Name="SystemRect">[0.000000, 0.000000, 0.000000, 0.000000]</P>
  <P Name="SetExecutionDomain">off</P>
  <P Name="ExecutionDomainType">Deduce</P>
  <P Name="PaperType">A4</P>
  <P Name="PaperUnits">centimeters</P>
  <P Name="TiledPaperMargins">[0.500000, 0.500000, 0.500000, 0.500000]</P>
  <P Name="ZoomFactor">110</P>
  <P Name="SimulinkSubDomain">Simulink</P>
  <Block BlockType="Inport" Name="w_wheel" SID="235">
    <P Name="Position">[25, 103, 55, 117]</P>
    <P Name="ZOrder">-1</P>
  </Block>
  <Block BlockType="Inport" Name="T_em*" SID="236">
    <P Name="Position">[25, 33, 55, 47]</P>
    <P Name="ZOrder">-2</P>
    <P Name="NameLocation">top</P>
    <P Name="Port">2</P>
  </Block>
  <Block BlockType="Inport" Name="w_em*" SID="237">
    <P Name="Position">[25, 48, 55, 62]</P>
    <P Name="ZOrder">-3</P>
    <P Name="Port">3</P>
  </Block>
  <Block BlockType="Clock" Name="Clock" SID="536">
    <P Name="Position">[790, 100, 810, 120]</P>
    <P Name="ZOrder">17</P>
    <P Name="NameLocation">top</P>
  </Block>
  <Block BlockType="SubSystem" Name="Gear selection" SID="238">
    <P Name="Ports">[2, 2]</P>
    <P Name="Position">[275, 79, 380, 161]</P>
    <P Name="ZOrder">-4</P>
    <P Name="BackgroundColor">[0.890196, 0.890196, 0.890196]</P>
    <P Name="RequestExecContextInheritance">off</P>
    <System Ref="system_238"/>
  </Block>
  <Block BlockType="Mux" Name="Mux" SID="307">
    <P Name="Ports">[2, 1]</P>
    <P Name="Position">[715, 246, 720, 284]</P>
    <P Name="ZOrder">-5</P>
    <P Name="ForegroundColor">gray</P>
    <P Name="ShowName">off</P>
    <P Name="Inputs">2</P>
    <P Name="DisplayOption">bar</P>
  </Block>
  <Block BlockType="Mux" Name="Mux1" SID="308">
    <P Name="Ports">[2, 1]</P>
    <P Name="Position">[715, 301, 720, 339]</P>
    <P Name="ZOrder">-6</P>
    <P Name="ForegroundColor">gray</P>
    <P Name="ShowName">off</P>
    <P Name="Inputs">2</P>
    <P Name="DisplayOption">bar</P>
  </Block>
  <Block BlockType="Mux" Name="Mux2" SID="309">
    <P Name="Ports">[2, 1]</P>
    <P Name="Position">[715, 356, 720, 394]</P>
    <P Name="ZOrder">-7</P>
    <P Name="ForegroundColor">gray</P>
    <P Name="ShowName">off</P>
    <P Name="Inputs">2</P>
    <P Name="DisplayOption">bar</P>
  </Block>
  <Block BlockType="Mux" Name="Mux3" SID="537">
    <P Name="Ports">[2, 1]</P>
    <P Name="Position">[835, 101, 840, 139]</P>
    <P Name="ZOrder">16</P>
    <P Name="ForegroundColor">gray</P>
    <P Name="ShowName">off</P>
    <P Name="Inputs">2</P>
    <P Name="DisplayOption">bar</P>
  </Block>
  <Block BlockType="ToWorkspace" Name="To Workspace" SID="530">
    <P Name="Ports">[1]</P>
    <P Name="Position">[885, 105, 945, 135]</P>
    <P Name="ZOrder">6</P>
    <P Name="VariableName">Gear</P>
    <P Name="MaxDataPoints">inf</P>
    <P Name="SampleTime">-1</P>
  </Block>
  <Block BlockType="Scope" Name="Växellåda" SID="310">
    <P Name="Ports">[4]</P>
    <P Name="Position">[810, 263, 875, 347]</P>
    <P Name="ZOrder">-8</P>
    <P Name="ForegroundColor">gray</P>
    <P Name="ScopeSpecificationString">Simulink.scopes.TimeScopeBlockCfg(&apos;CurrentConfiguration&apos;, extmgr.ConfigurationSet(extmgr.Configuration(&apos;Core&apos;,&apos;General UI&apos;,true),extmgr.Configuration(&apos;Core&apos;,&apos;Source UI&apos;,true),extmgr.Configuration(&apos;Sources&apos;,&apos;WiredSimulink&apos;,true,&apos;DataLoggingVariableName&apos;,&apos;ScopeData4&apos;,&apos;DataLoggingSaveFormat&apos;,&apos;StructureWithTime&apos;,&apos;DataLoggingMaxPoints&apos;,&apos;50000&apos;,&apos;DataLoggingDecimation&apos;,&apos;1&apos;,&apos;DataLoggingDecimateData&apos;,true),extmgr.Configuration(&apos;Visuals&apos;,&apos;Time Domain&apos;,true,&apos;SerializedDisplays&apos;,{struct(&apos;MinYLimReal&apos;,&apos;0.24545&apos;,&apos;MaxYLimReal&apos;,&apos;26.33623&apos;,&apos;YLabelReal&apos;,&apos;&apos;,&apos;MinYLimMag&apos;,&apos;0.24545&apos;,&apos;MaxYLimMag&apos;,&apos;26.33623&apos;,&apos;LegendVisibility&apos;,&apos;Off&apos;,&apos;XGrid&apos;,true,&apos;YGrid&apos;,true,&apos;PlotMagPhase&apos;,false,&apos;AxesColor&apos;,[0 0 0],&apos;AxesTickColor&apos;,[0.686274509803922 0.686274509803922 0.686274509803922],&apos;ColorOrder&apos;,[1 1 0.0666666666666667;0.0745098039215686 0.623529411764706 1;1 0.411764705882353 0.16078431372549;0.392156862745098 0.831372549019608 0.0745098039215686;0.717647058823529 0.274509803921569 1;0.0588235294117647 1 1;1 0.0745098039215686 0.650980392156863],&apos;Title&apos;,&apos;Ideal &amp; Vald utväxling (Maskinvarvtal/Hjulvarvtal)&apos;,&apos;LinePropertiesCache&apos;,{{}},&apos;UserDefinedChannelNames&apos;,{{}},&apos;NumLines&apos;,2,&apos;LineNames&apos;,{{&apos;do not divide by zero1&apos;,&apos;Gear selection/2&apos;}},&apos;ShowContent&apos;,true,&apos;Placement&apos;,1),struct(&apos;MinYLimReal&apos;,&apos;0.75&apos;,&apos;MaxYLimReal&apos;,&apos;3.25&apos;,&apos;YLabelReal&apos;,&apos;&apos;,&apos;MinYLimMag&apos;,&apos;0&apos;,&apos;MaxYLimMag&apos;,&apos;10&apos;,&apos;LegendVisibility&apos;,&apos;Off&apos;,&apos;XGrid&apos;,true,&apos;YGrid&apos;,true,&apos;PlotMagPhase&apos;,false,&apos;AxesColor&apos;,[0 0 0],&apos;AxesTickColor&apos;,[0.686274509803922 0.686274509803922 0.686274509803922],&apos;ColorOrder&apos;,[1 1 0.0666666666666667;0.0745098039215686 0.623529411764706 1;1 0.411764705882353 0.16078431372549;0.392156862745098 0.831372549019608 0.0745098039215686;0.717647058823529 0.274509803921569 1;0.0588235294117647 1 1;1 0.0745098039215686 0.650980392156863],&apos;Title&apos;,&apos;Växelläge [1...4]&apos;,&apos;LinePropertiesCache&apos;,{{}},&apos;UserDefinedChannelNames&apos;,{{}},&apos;NumLines&apos;,1,&apos;LineNames&apos;,{{&apos;Gear selection/1&apos;}},&apos;ShowContent&apos;,true,&apos;Placement&apos;,2),struct(&apos;MinYLimReal&apos;,&apos;-252.58315&apos;,&apos;MaxYLimReal&apos;,&apos;270.23357&apos;,&apos;YLabelReal&apos;,&apos;&apos;,&apos;MinYLimMag&apos;,&apos;0&apos;,&apos;MaxYLimMag&apos;,&apos;10&apos;,&apos;LegendVisibility&apos;,&apos;off&apos;,&apos;XGrid&apos;,true,&apos;YGrid&apos;,true,&apos;PlotMagPhase&apos;,false,&apos;AxesColor&apos;,[0 0 0],&apos;AxesTickColor&apos;,[0.686274509803922 0.686274509803922 0.686274509803922],&apos;ColorOrder&apos;,[1 1 0.0666666666666667;0.0745098039215686 0.623529411764706 1;1 0.411764705882353 0.16078431372549;0.392156862745098 0.831372549019608 0.0745098039215686;0.717647058823529 0.274509803921569 1;0.0588235294117647 1 1;1 0.0745098039215686 0.650980392156863],&apos;Title&apos;,&apos;T*em, idealt och efter växelval&apos;,&apos;LinePropertiesCache&apos;,{{}},&apos;UserDefinedChannelNames&apos;,{{}},&apos;NumLines&apos;,2,&apos;LineNames&apos;,{{&apos;T_em*&apos;,&apos;new EM Torque&apos;}},&apos;ShowContent&apos;,true,&apos;Placement&apos;,3),struct(&apos;MinYLimReal&apos;,&apos;-71.53952&apos;,&apos;MaxYLimReal&apos;,&apos;694.6479&apos;,&apos;YLabelReal&apos;,&apos;&apos;,&apos;MinYLimMag&apos;,&apos;0&apos;,&apos;MaxYLimMag&apos;,&apos;10&apos;,&apos;LegendVisibility&apos;,&apos;off&apos;,&apos;XGrid&apos;,true,&apos;YGrid&apos;,true,&apos;PlotMagPhase&apos;,false,&apos;AxesColor&apos;,[0 0 0],&apos;AxesTickColor&apos;,[0.686274509803922 0.686274509803922 0.686274509803922],&apos;ColorOrder&apos;,[1 1 0.0666666666666667;0.0745098039215686 0.623529411764706 1;1 0.411764705882353 0.16078431372549;0.392156862745098 0.831372549019608 0.0745098039215686;0.717647058823529 0.274509803921569 1;0.0588235294117647 1 1;1 0.0745098039215686 0.650980392156863],&apos;Title&apos;,&apos;w*em, idealt och efter växelval&apos;,&apos;LinePropertiesCache&apos;,{{}},&apos;UserDefinedChannelNames&apos;,{{}},&apos;NumLines&apos;,2,&apos;LineNames&apos;,{{&apos;w_em*&apos;,&apos;real EM speed&apos;}},&apos;ShowContent&apos;,true,&apos;Placement&apos;,4)},&apos;DisplayPropertyDefaults&apos;,struct(&apos;YLabelReal&apos;,&apos;&apos;,&apos;AxesColor&apos;,[0 0 0],&apos;AxesTickColor&apos;,[0.686274509803922 0.686274509803922 0.686274509803922],&apos;ColorOrder&apos;,[1 1 0.0666666666666667;0.0745098039215686 0.623529411764706 1;1 0.411764705882353 0.16078431372549;0.392156862745098 0.831372549019608 0.0745098039215686;0.717647058823529 0.274509803921569 1;0.0588235294117647 1 1;1 0.0745098039215686 0.650980392156863],&apos;LinePropertiesCache&apos;,{{}},&apos;UserDefinedChannelNames&apos;,{{}},&apos;NumLines&apos;,0,&apos;LineNames&apos;,{{[]}},&apos;ShowContent&apos;,true,&apos;Placement&apos;,1),&apos;DisplayLayoutDimensions&apos;,[4 1],&apos;TimeRangeSamples&apos;,&apos;endtime&apos;,&apos;TimeRangeFrames&apos;,&apos;endtime&apos;),extmgr.Configuration(&apos;Tools&apos;,&apos;Plot Navigation&apos;,true,&apos;OnceAtStop&apos;,false,&apos;PreviousAutoscale&apos;,&apos;XY&apos;,&apos;PreviousZoomMode&apos;,&apos;ZoomY&apos;),extmgr.Configuration(&apos;Tools&apos;,&apos;Measurements&apos;,true,&apos;Version&apos;,&apos;2021a&apos;)),&apos;Version&apos;,&apos;2021a&apos;,&apos;Location&apos;,[115 136 1421 727])</P>
    <P Name="NumInputPorts">4</P>
    <P Name="Floating">off</P>
  </Block>
  <Block BlockType="Saturate" Name="do not&#xA;divide by zero" SID="311">
    <P Name="Position">[90, 99, 115, 121]</P>
    <P Name="ZOrder">-9</P>
    <P Name="UpperLimit">inf</P>
    <P Name="LowerLimit">wem_min/utvx_max</P>
  </Block>
  <Block BlockType="Saturate" Name="do not&#xA;divide by zero1" SID="497">
    <P Name="Position">[190, 89, 215, 111]</P>
    <P Name="ZOrder">1</P>
    <P Name="UpperLimit">1.2*max(Utvx_vect)</P>
    <P Name="LowerLimit">eps</P>
  </Block>
  <Block BlockType="Product" Name="ideal ratio" SID="312">
    <P Name="Ports">[2, 1]</P>
    <P Name="Position">[160, 79, 180, 121]</P>
    <P Name="ZOrder">-10</P>
    <P Name="NameLocation">top</P>
    <P Name="Inputs">*/</P>
    <P Name="InputSameDT">on</P>
    <P Name="OutDataTypeStr">Inherit: Same as first input</P>
    <P Name="SaturateOnIntegerOverflow">on</P>
  </Block>
  <Block BlockType="Product" Name="new EM Torque" SID="313">
    <P Name="Ports">[3, 1]</P>
    <P Name="Position">[595, 30, 615, 100]</P>
    <P Name="ZOrder">-11</P>
    <P Name="NameLocation">top</P>
    <P Name="Inputs">**/</P>
    <P Name="InputSameDT">on</P>
    <P Name="OutDataTypeStr">Inherit: Same as first input</P>
    <P Name="SaturateOnIntegerOverflow">on</P>
  </Block>
  <Block BlockType="Product" Name="real EM&#xA;speed" SID="314">
    <P Name="Ports">[2, 1]</P>
    <P Name="Position">[455, 154, 475, 196]</P>
    <P Name="ZOrder">-12</P>
    <P Name="Inputs">**</P>
    <P Name="InputSameDT">on</P>
    <P Name="OutDataTypeStr">Inherit: Same as first input</P>
    <P Name="SaturateOnIntegerOverflow">on</P>
  </Block>
  <Block BlockType="Outport" Name="T*em_new" SID="315">
    <P Name="Position">[695, 58, 725, 72]</P>
    <P Name="ZOrder">-13</P>
    <P Name="VectorParamsAs1DForOutWhenUnconnected">off</P>
  </Block>
  <Block BlockType="Outport" Name="w*em_new" SID="316">
    <P Name="Position">[700, 168, 730, 182]</P>
    <P Name="ZOrder">-14</P>
    <P Name="Port">2</P>
    <P Name="VectorParamsAs1DForOutWhenUnconnected">off</P>
  </Block>
  <Block BlockType="Outport" Name="utvx" SID="317">
    <P Name="Position">[475, 123, 505, 137]</P>
    <P Name="ZOrder">-15</P>
    <P Name="Port">3</P>
    <P Name="VectorParamsAs1DForOutWhenUnconnected">off</P>
  </Block>
  <Line>
    <P Name="ZOrder">1</P>
    <P Name="Src">237#out:1</P>
    <P Name="Points">[80, 0]</P>
    <Branch>
      <P Name="ZOrder">2</P>
      <P Name="Points">[0, 35]</P>
      <P Name="Dst">312#in:1</P>
    </Branch>
    <Branch>
      <P Name="ZOrder">3</P>
      <P Name="Points">[100, 0]</P>
      <Branch>
        <P Name="ZOrder">4</P>
        <P Name="Points">[0, 310]</P>
        <P Name="Dst">309#in:1</P>
      </Branch>
      <Branch>
        <P Name="ZOrder">5</P>
        <P Name="Labels">[1, 0]</P>
        <P Name="Points">[340, 0]</P>
        <P Name="Dst">313#in:2</P>
      </Branch>
    </Branch>
  </Line>
  <Line>
    <P Name="ZOrder">6</P>
    <P Name="Src">312#out:1</P>
    <P Name="Dst">497#in:1</P>
  </Line>
  <Line>
    <P Name="ZOrder">7</P>
    <P Name="Src">314#out:1</P>
    <P Name="Points">[45, 0]</P>
    <Branch>
      <P Name="ZOrder">8</P>
      <P Name="Dst">316#in:1</P>
    </Branch>
    <Branch>
      <P Name="ZOrder">9</P>
      <P Name="Points">[0, -85]</P>
      <P Name="Dst">313#in:3</P>
    </Branch>
    <Branch>
      <P Name="ZOrder">10</P>
      <P Name="Points">[0, 50]</P>
      <Branch>
        <P Name="ZOrder">11</P>
        <P Name="Points">[0, 160]</P>
        <P Name="Dst">309#in:2</P>
      </Branch>
      <Branch>
        <P Name="ZOrder">12</P>
        <P Name="Points">[-319, 0; 0, -85]</P>
        <P Name="Dst">238#in:2</P>
      </Branch>
    </Branch>
  </Line>
  <Line>
    <P Name="ZOrder">13</P>
    <P Name="Src">236#out:1</P>
    <P Name="Points">[190, 0]</P>
    <Branch>
      <P Name="ZOrder">14</P>
      <P Name="Points">[0, 270]</P>
      <P Name="Dst">308#in:1</P>
    </Branch>
    <Branch>
      <P Name="ZOrder">15</P>
      <P Name="Dst">313#in:1</P>
    </Branch>
  </Line>
  <Line>
    <P Name="ZOrder">16</P>
    <P Name="Src">311#out:1</P>
    <P Name="Points">[20, 0]</P>
    <Branch>
      <P Name="ZOrder">17</P>
      <P Name="Dst">312#in:2</P>
    </Branch>
    <Branch>
      <P Name="ZOrder">18</P>
      <P Name="Points">[0, 75]</P>
      <P Name="Dst">314#in:2</P>
    </Branch>
  </Line>
  <Line>
    <P Name="ZOrder">19</P>
    <P Name="Src">235#out:1</P>
    <P Name="Dst">311#in:1</P>
  </Line>
  <Line>
    <P Name="ZOrder">20</P>
    <P Name="Src">307#out:1</P>
    <P Name="Points">[40, 0; 0, 10]</P>
    <P Name="Dst">310#in:1</P>
  </Line>
  <Line>
    <P Name="ZOrder">21</P>
    <P Name="Src">308#out:1</P>
    <P Name="Points">[40, 0; 0, -5]</P>
    <P Name="Dst">310#in:3</P>
  </Line>
  <Line>
    <P Name="ZOrder">22</P>
    <P Name="Src">309#out:1</P>
    <P Name="Points">[62, 0; 0, -40]</P>
    <P Name="Dst">310#in:4</P>
  </Line>
  <Line>
    <P Name="ZOrder">23</P>
    <P Name="Src">238#out:2</P>
    <P Name="Points">[35, 0]</P>
    <Branch>
      <P Name="ZOrder">39</P>
      <P Name="Points">[0, -10]</P>
      <P Name="Dst">317#in:1</P>
    </Branch>
    <Branch>
      <P Name="ZOrder">24</P>
      <P Name="Points">[0, 25]</P>
      <Branch>
        <P Name="ZOrder">25</P>
        <P Name="Dst">314#in:1</P>
      </Branch>
      <Branch>
        <P Name="ZOrder">26</P>
        <P Name="Points">[0, 110]</P>
        <P Name="Dst">307#in:2</P>
      </Branch>
    </Branch>
  </Line>
  <Line>
    <P Name="ZOrder">28</P>
    <P Name="Src">238#out:1</P>
    <P Name="Points">[130, 0; 0, 24; 261, 0; 0, 6]</P>
    <Branch>
      <P Name="ZOrder">29</P>
      <P Name="Dst">537#in:2</P>
    </Branch>
    <Branch>
      <P Name="ZOrder">30</P>
      <P Name="Points">[0, 165]</P>
      <P Name="Dst">310#in:2</P>
    </Branch>
  </Line>
  <Line>
    <P Name="ZOrder">31</P>
    <P Name="Src">313#out:1</P>
    <P Name="Points">[15, 0]</P>
    <Branch>
      <P Name="ZOrder">32</P>
      <P Name="Points">[0, 265]</P>
      <P Name="Dst">308#in:2</P>
    </Branch>
    <Branch>
      <P Name="ZOrder">33</P>
      <P Name="Dst">315#in:1</P>
    </Branch>
  </Line>
  <Line>
    <P Name="ZOrder">34</P>
    <P Name="Src">497#out:1</P>
    <P Name="Points">[10, 0]</P>
    <Branch>
      <P Name="ZOrder">35</P>
      <P Name="Dst">238#in:1</P>
    </Branch>
    <Branch>
      <P Name="ZOrder">36</P>
      <P Name="Points">[0, 155]</P>
      <P Name="Dst">307#in:1</P>
    </Branch>
  </Line>
  <Line>
    <P Name="ZOrder">37</P>
    <P Name="Src">536#out:1</P>
    <P Name="Dst">537#in:1</P>
  </Line>
  <Line>
    <P Name="ZOrder">38</P>
    <P Name="Src">537#out:1</P>
    <P Name="Dst">530#in:1</P>
  </Line>
</System>
