<?xml version="1.0" encoding="utf-8"?>
<System>
  <P Name="Location">[-1927, -554, 7, 500]</P>
  <P Name="SystemRect">[0.000000, 0.000000, 0.000000, 0.000000]</P>
  <P Name="SetExecutionDomain">off</P>
  <P Name="ExecutionDomainType">Deduce</P>
  <P Name="PaperType">A4</P>
  <P Name="PaperUnits">centimeters</P>
  <P Name="TiledPaperMargins">[0.500000, 0.500000, 0.500000, 0.500000]</P>
  <P Name="ZoomFactor">196</P>
  <P Name="SimulinkSubDomain">Simulink</P>
  <Block BlockType="Inport" Name="v*" SID="55">
    <P Name="Position">[20, 123, 50, 137]</P>
    <P Name="ZOrder">-1</P>
  </Block>
  <Block BlockType="Inport" Name="v" SID="56">
    <P Name="Position">[20, 173, 50, 187]</P>
    <P Name="ZOrder">-2</P>
    <P Name="Port">2</P>
  </Block>
  <Block BlockType="Abs" Name="Abs" SID="57">
    <P Name="Position">[105, 165, 135, 195]</P>
    <P Name="ZOrder">-3</P>
  </Block>
  <Block BlockType="Abs" Name="Abs2" SID="58">
    <P Name="Position">[320, 35, 350, 65]</P>
    <P Name="ZOrder">-4</P>
    <P Name="BackgroundColor">lightBlue</P>
    <P Name="ShowName">off</P>
  </Block>
  <Block BlockType="Constant" Name="Constant" SID="59">
    <P Name="Position">[350, 198, 425, 222]</P>
    <P Name="ZOrder">-5</P>
    <P Name="BackgroundColor">cyan</P>
    <P Name="Value">Pmax*rw</P>
  </Block>
  <Block BlockType="Product" Name="Divide" SID="60">
    <P Name="Ports">[2, 1]</P>
    <P Name="Position">[510, 222, 540, 253]</P>
    <P Name="ZOrder">-6</P>
    <P Name="BackgroundColor">cyan</P>
    <P Name="Inputs">*/</P>
  </Block>
  <Block BlockType="Gain" Name="F * -&gt; T *" SID="61">
    <P Name="Position">[650, 128, 715, 162]</P>
    <P Name="ZOrder">-7</P>
    <P Name="Gain">rw</P>
    <P Name="ParamDataTypeStr">Inherit: Same as input</P>
    <P Name="OutDataTypeStr">Inherit: Same as input</P>
    <P Name="SaturateOnIntegerOverflow">on</P>
  </Block>
  <Block BlockType="Gain" Name="Gain1" SID="62">
    <P Name="Position">[365, 129, 415, 161]</P>
    <P Name="ZOrder">-8</P>
    <P Name="ShowName">off</P>
    <P Name="Gain">1/Ti</P>
    <P Name="ParamDataTypeStr">Inherit: Same as input</P>
    <P Name="OutDataTypeStr">Inherit: Same as input</P>
    <P Name="SaturateOnIntegerOverflow">on</P>
  </Block>
  <Block BlockType="Gain" Name="Gain2" SID="63">
    <P Name="Position">[265, 79, 335, 111]</P>
    <P Name="ZOrder">-9</P>
    <P Name="ShowName">off</P>
    <P Name="Gain">Kv</P>
    <P Name="ParamDataTypeStr">Inherit: Same as input</P>
    <P Name="OutDataTypeStr">Inherit: Same as input</P>
    <P Name="SaturateOnIntegerOverflow">on</P>
  </Block>
  <Block BlockType="Gain" Name="Gain3" SID="64">
    <P Name="Position">[570, 332, 600, 358]</P>
    <P Name="ZOrder">-10</P>
    <P Name="BackgroundColor">cyan</P>
    <P Name="ShowName">off</P>
    <P Name="Gain">-1</P>
    <P Name="ParamDataTypeStr">Inherit: Same as input</P>
    <P Name="OutDataTypeStr">Inherit: Same as input</P>
    <P Name="SaturateOnIntegerOverflow">on</P>
  </Block>
  <Block BlockType="MinMax" Name="MinMax" SID="66">
    <P Name="Ports">[2, 1]</P>
    <P Name="Position">[770, 217, 800, 248]</P>
    <P Name="ZOrder">-12</P>
    <P Name="BackgroundColor">cyan</P>
    <P Name="Inputs">2</P>
  </Block>
  <Block BlockType="MinMax" Name="MinMax1" SID="67">
    <P Name="Ports">[2, 1]</P>
    <P Name="Position">[770, 322, 800, 353]</P>
    <P Name="ZOrder">-13</P>
    <P Name="BackgroundColor">cyan</P>
    <P Name="Function">max</P>
    <P Name="Inputs">2</P>
  </Block>
  <Block BlockType="Product" Name="Product1" SID="68">
    <P Name="Ports">[3, 1]</P>
    <P Name="Position">[445, 116, 470, 174]</P>
    <P Name="ZOrder">-14</P>
    <P Name="NameLocation">top</P>
    <P Name="ShowName">off</P>
    <P Name="Inputs">3</P>
    <P Name="InputSameDT">on</P>
    <P Name="OutDataTypeStr">Inherit: Same as first input</P>
    <P Name="SaturateOnIntegerOverflow">on</P>
  </Block>
  <Block BlockType="Relay" Name="Relay1" SID="69">
    <P Name="Position">[375, 35, 405, 65]</P>
    <P Name="ZOrder">-15</P>
    <P Name="BackgroundColor">lightBlue</P>
    <P Name="ShowName">off</P>
    <P Name="OnOutputValue">0</P>
    <P Name="OffOutputValue">1</P>
  </Block>
  <Block BlockType="Relay" Name="Relay2" SID="70">
    <P Name="Position">[765, 265, 795, 295]</P>
    <P Name="ZOrder">-16</P>
    <P Name="BackgroundColor">cyan</P>
    <P Name="ShowName">off</P>
    <P Name="OnOutputValue">10</P>
    <P Name="OffOutputValue">1</P>
  </Block>
  <Block BlockType="Relay" Name="Stäng integralverkan&#xA;vid stillastående" SID="71">
    <P Name="Position">[170, 165, 200, 195]</P>
    <P Name="ZOrder">-17</P>
    <P Name="OnSwitchValue">0.3</P>
    <P Name="OffSwitchValue">0.3-eps</P>
  </Block>
  <Block BlockType="Sum" Name="Sum2" SID="72">
    <P Name="Ports">[2, 1]</P>
    <P Name="Position">[170, 122, 200, 153]</P>
    <P Name="ZOrder">-18</P>
    <P Name="ShowName">off</P>
    <P Name="IconShape">rectangular</P>
    <P Name="Inputs">+-</P>
    <P Name="InputSameDT">on</P>
    <P Name="OutDataTypeStr">Inherit: Same as first input</P>
    <P Name="SaturateOnIntegerOverflow">on</P>
  </Block>
  <Block BlockType="Sum" Name="Sum3" SID="73">
    <P Name="Ports">[2, 1]</P>
    <P Name="Position">[585, 119, 605, 166]</P>
    <P Name="ZOrder">-19</P>
    <P Name="ShowName">off</P>
    <P Name="IconShape">rectangular</P>
    <P Name="InputSameDT">on</P>
    <P Name="OutDataTypeStr">Inherit: Same as first input</P>
    <P Name="SaturateOnIntegerOverflow">on</P>
  </Block>
  <Block BlockType="Sum" Name="Sum5" SID="74">
    <P Name="Ports">[2, 1]</P>
    <P Name="Position">[754, 75, 781, 85]</P>
    <P Name="ZOrder">-20</P>
    <P Name="BlockRotation">270</P>
    <P Name="BackgroundColor">lightBlue</P>
    <P Name="NameLocation">right</P>
    <P Name="ShowName">off</P>
    <P Name="IconShape">rectangular</P>
    <P Name="Inputs">+-</P>
    <P Name="InputSameDT">on</P>
    <P Name="OutDataTypeStr">Inherit: Same as first input</P>
    <P Name="SaturateOnIntegerOverflow">on</P>
  </Block>
  <Block BlockType="Switch" Name="Switch" SID="75">
    <P Name="Position">[830, 260, 860, 290]</P>
    <P Name="ZOrder">-21</P>
    <P Name="BackgroundColor">cyan</P>
    <P Name="InputSameDT">off</P>
    <P Name="SaturateOnIntegerOverflow">off</P>
  </Block>
  <Block BlockType="Integrator" Name="Wbatt" SID="76">
    <P Name="Ports">[2, 1]</P>
    <P Name="Position">[510, 135, 545, 170]</P>
    <P Name="ZOrder">-22</P>
    <P Name="NameLocation">top</P>
    <P Name="ExternalReset">falling</P>
    <P Name="LimitOutput">on</P>
    <P Name="UpperSaturationLimit">15000</P>
    <P Name="LowerSaturationLimit">-15000</P>
  </Block>
  <Block BlockType="Saturate" Name="avoid zero speed&#xA;for max torque calculation" SID="77">
    <P Name="Position">[245, 230, 275, 260]</P>
    <P Name="ZOrder">-23</P>
    <P Name="BackgroundColor">cyan</P>
    <P Name="UpperLimit">inf</P>
    <P Name="LowerLimit">5/3.6</P>
  </Block>
  <Block BlockType="Outport" Name="Ttot*" SID="78">
    <P Name="Position">[935, 268, 965, 282]</P>
    <P Name="ZOrder">-24</P>
    <P Name="InitialOutput">0</P>
    <P Name="VectorParamsAs1DForOutWhenUnconnected">off</P>
  </Block>
  <Line>
    <P Name="ZOrder">1</P>
    <P Name="Src">74#out:1</P>
    <P Name="Points">[0, -50; -470, 0; 0, 30]</P>
    <P Name="Dst">58#in:1</P>
  </Line>
  <Line>
    <P Name="ZOrder">2</P>
    <P Name="Src">69#out:1</P>
    <P Name="Points">[15, 0; 0, 75]</P>
    <P Name="Dst">68#in:1</P>
  </Line>
  <Line>
    <P Name="ZOrder">3</P>
    <P Name="Src">58#out:1</P>
    <P Name="Dst">69#in:1</P>
  </Line>
  <Line>
    <P Name="ZOrder">4</P>
    <P Name="Src">62#out:1</P>
    <P Name="Dst">68#in:2</P>
  </Line>
  <Line>
    <P Name="ZOrder">5</P>
    <P Name="Src">57#out:1</P>
    <P Name="Points">[5, 0]</P>
    <Branch>
      <P Name="ZOrder">6</P>
      <P Name="Dst">71#in:1</P>
    </Branch>
    <Branch>
      <P Name="ZOrder">7</P>
      <P Name="Points">[0, 65]</P>
      <P Name="Dst">77#in:1</P>
    </Branch>
  </Line>
  <Line>
    <P Name="ZOrder">8</P>
    <P Name="Src">68#out:1</P>
    <P Name="Dst">76#in:1</P>
  </Line>
  <Line>
    <P Name="ZOrder">9</P>
    <P Name="Src">73#out:1</P>
    <P Name="Dst">61#in:1</P>
  </Line>
  <Line>
    <P Name="ZOrder">10</P>
    <P Name="Src">76#out:1</P>
    <P Name="Dst">73#in:2</P>
  </Line>
  <Line>
    <P Name="ZOrder">11</P>
    <P Name="Src">61#out:1</P>
    <P Name="Points">[10, 0]</P>
    <Branch>
      <P Name="ZOrder">12</P>
      <P Name="Points">[0, -45]</P>
      <P Name="Dst">74#in:1</P>
    </Branch>
    <Branch>
      <P Name="ZOrder">13</P>
      <P Name="Points">[0, 80]</P>
      <Branch>
        <P Name="ZOrder">14</P>
        <P Name="Dst">66#in:1</P>
      </Branch>
      <Branch>
        <P Name="ZOrder">15</P>
        <P Name="Points">[0, 55]</P>
        <Branch>
          <P Name="ZOrder">16</P>
          <P Name="Points">[0, 50]</P>
          <P Name="Dst">67#in:1</P>
        </Branch>
        <Branch>
          <P Name="ZOrder">17</P>
          <P Name="Dst">70#in:1</P>
        </Branch>
      </Branch>
    </Branch>
  </Line>
  <Line>
    <P Name="ZOrder">18</P>
    <P Name="Src">63#out:1</P>
    <P Name="Points">[5, 0]</P>
    <Branch>
      <P Name="ZOrder">19</P>
      <P Name="Points">[0, 50]</P>
      <P Name="Dst">62#in:1</P>
    </Branch>
    <Branch>
      <P Name="ZOrder">20</P>
      <P Name="Points">[215, 0; 0, 35]</P>
      <P Name="Dst">73#in:1</P>
    </Branch>
  </Line>
  <Line>
    <P Name="ZOrder">21</P>
    <P Name="Src">71#out:1</P>
    <P Name="Points">[145, 0]</P>
    <Branch>
      <P Name="ZOrder">22</P>
      <P Name="Points">[0, -15]</P>
      <P Name="Dst">68#in:3</P>
    </Branch>
    <Branch>
      <P Name="ZOrder">23</P>
      <P Name="Points">[145, 0]</P>
      <P Name="Dst">76#in:2</P>
    </Branch>
  </Line>
  <Line>
    <P Name="ZOrder">24</P>
    <P Name="Src">72#out:1</P>
    <P Name="Points">[40, 0; 0, -45]</P>
    <P Name="Dst">63#in:1</P>
  </Line>
  <Line>
    <P Name="ZOrder">25</P>
    <P Name="Src">55#out:1</P>
    <P Name="Dst">72#in:1</P>
  </Line>
  <Line>
    <P Name="ZOrder">26</P>
    <P Name="Src">56#out:1</P>
    <P Name="Points">[15, 0]</P>
    <Branch>
      <P Name="ZOrder">27</P>
      <P Name="Dst">57#in:1</P>
    </Branch>
    <Branch>
      <P Name="ZOrder">28</P>
      <P Name="Points">[0, -35]</P>
      <P Name="Dst">72#in:2</P>
    </Branch>
  </Line>
  <Line>
    <P Name="ZOrder">29</P>
    <P Name="Src">59#out:1</P>
    <P Name="Points">[30, 0; 0, 20]</P>
    <P Name="Dst">60#in:1</P>
  </Line>
  <Line>
    <P Name="ZOrder">30</P>
    <P Name="Src">77#out:1</P>
    <P Name="Dst">60#in:2</P>
  </Line>
  <Line>
    <P Name="ZOrder">31</P>
    <P Name="Src">60#out:1</P>
    <P Name="Points">[5, 0]</P>
    <Branch>
      <P Name="ZOrder">32</P>
      <P Name="Points">[0, 105]</P>
      <P Name="Dst">64#in:1</P>
    </Branch>
    <Branch>
      <P Name="ZOrder">33</P>
      <P Name="Dst">66#in:2</P>
    </Branch>
  </Line>
  <Line>
    <P Name="ZOrder">34</P>
    <P Name="Src">64#out:1</P>
    <P Name="Dst">67#in:2</P>
  </Line>
  <Line>
    <P Name="ZOrder">35</P>
    <P Name="Src">70#out:1</P>
    <P Name="Points">[0, -5]</P>
    <P Name="Dst">75#in:2</P>
  </Line>
  <Line>
    <P Name="ZOrder">36</P>
    <P Name="Src">66#out:1</P>
    <P Name="Points">[5, 0; 0, 30]</P>
    <P Name="Dst">75#in:1</P>
  </Line>
  <Line>
    <P Name="ZOrder">37</P>
    <P Name="Src">67#out:1</P>
    <P Name="Points">[5, 0; 0, -55]</P>
    <P Name="Dst">75#in:3</P>
  </Line>
  <Line>
    <P Name="ZOrder">38</P>
    <P Name="Src">75#out:1</P>
    <P Name="Points">[30, 0]</P>
    <Branch>
      <P Name="ZOrder">39</P>
      <P Name="Dst">78#in:1</P>
    </Branch>
    <Branch>
      <P Name="ZOrder">40</P>
      <P Name="Points">[0, -175]</P>
      <P Name="Dst">74#in:2</P>
    </Branch>
  </Line>
  <Annotation SID="79">
    <P Name="Name">abs(Tmax)</P>
    <P Name="Position">[547, 223, 596, 237]</P>
    <P Name="InternalMargins">[0, 0, 0, 0]</P>
    <P Name="ZOrder">-1</P>
  </Annotation>
</System>
