<?xml version="1.0" encoding="UTF-8" standalone="yes" ?>
<cp:coreProperties xmlns:cp="http://schemas.openxmlformats.org/package/2006/metadata/core-properties" xmlns:dc="http://purl.org/dc/elements/1.1/" xmlns:dcmitype="http://purl.org/dc/dcmitype/" xmlns:dcterms="http://purl.org/dc/terms/" xmlns:xsi="http://www.w3.org/2001/XMLSchema-instance">
  <cp:category>model</cp:category>
  <dcterms:created xsi:type="dcterms:W3CDTF">2000-08-10T16:24:25Z</dcterms:created>
  <dc:creator>Mats</dc:creator>
  <dc:description></dc:description>
  <cp:lastModifiedBy>Albin</cp:lastModifiedBy>
  <dcterms:modified xsi:type="dcterms:W3CDTF">2023-09-06T09:43:18Z</dcterms:modified>
  <cp:revision>7.0</cp:revision>
  <cp:version>R2022a</cp:version>
</cp:coreProperties>
