<?xml version="1.0" encoding="UTF-8"?>
<sltp_editor version="1.1" packageUris="http://schema.mathworks.com/mf0/DiagramEditor/R2019a_20181107 http://schema.mathworks.com/mf0/SltpSyntax/R2022a_202109161050">
  <diagram.editor.model.Diagram type="diagram.editor.model.Diagram" uuid="86e2f1d0-7742-4968-9f34-15031c3f7157">
    <entities type="diagram.editor.model.Entity" uuid="1a8f092e-9dae-4062-92ef-b130acfcbbc2">
      <position>0,0</position>
      <size>0,0,0,0</size>
      <syntaxElement type="sltp.mm.syntax.Node" uuid="9b7a6865-aa33-4217-9f7c-b8e0d3bdd247"/>
      <title>Cont</title>
      <type>base</type>
      <subDiagram type="diagram.editor.model.Diagram" uuid="b6e0c669-8ae0-4457-ae01-e9d25401cec6">
        <position>0,0</position>
        <syntaxElement type="sltp.mm.syntax.Graph" uuid="cd13e99c-a4cf-451f-be97-750d1dd7efdf"/>
        <title>Cont</title>
        <type>graph.Graph</type>
      </subDiagram>
    </entities>
    <syntaxElement type="sltp.mm.syntax.Graph" uuid="e074d0b7-cb9b-4cff-b91f-1cb7dc4a4680"/>
    <title>Default</title>
    <type>graph.Graph</type>
  </diagram.editor.model.Diagram>
  <sltp.mm.syntax.Context type="sltp.mm.syntax.Context" uuid="118db439-207a-4214-8b7f-703f8f454a79">
    <rootGraph type="sltp.mm.syntax.Graph" uuid="e074d0b7-cb9b-4cff-b91f-1cb7dc4a4680">
      <children type="sltp.mm.syntax.Node" uuid="9b7a6865-aa33-4217-9f7c-b8e0d3bdd247">
        <priority>40</priority>
        <rates type="sltp.mm.syntax.RateData">
          <color>#000000</color>
          <hasBlocks>true</hasBlocks>
          <rate>0</rate>
          <title>Cont</title>
        </rates>
        <rates type="sltp.mm.syntax.RateData">
          <color>#e60000</color>
          <hasBlocks>true</hasBlocks>
          <rate>0.1</rate>
          <title>D1</title>
        </rates>
        <rates type="sltp.mm.syntax.RateData">
          <color>#00d100</color>
          <hasBlocks>true</hasBlocks>
          <rate>0.2</rate>
          <title>D2</title>
        </rates>
        <rates type="sltp.mm.syntax.RateData">
          <color>#0000cc</color>
          <hasBlocks>true</hasBlocks>
          <rate>1</rate>
          <title>D3</title>
        </rates>
        <title>Cont</title>
        <type>base</type>
        <diagramElement type="diagram.editor.model.Entity" uuid="1a8f092e-9dae-4062-92ef-b130acfcbbc2"/>
        <subgraph type="sltp.mm.syntax.Graph" uuid="cd13e99c-a4cf-451f-be97-750d1dd7efdf">
          <title>Cont</title>
          <diagramElement type="diagram.editor.model.Diagram" uuid="b6e0c669-8ae0-4457-ae01-e9d25401cec6"/>
        </subgraph>
      </children>
      <title>Default</title>
      <diagramElement type="diagram.editor.model.Diagram" uuid="86e2f1d0-7742-4968-9f34-15031c3f7157"/>
    </rootGraph>
  </sltp.mm.syntax.Context>
</sltp_editor>