<?xml version="1.0" encoding="UTF-8"?>
<sltp_graph version="1.1" packageUris="http://schema.mathworks.com/mf0/sltp_mm/R2021b_202106150630">
  <sltp.mm.core.Context type="sltp.mm.core.Context" uuid="adc0af66-6b30-421b-ae15-607d7210ec44">
    <priorityDirection>HighNumberLast</priorityDirection>
    <editorState type="sltp.mm.core.EditorState" uuid="b487bad8-fd68-4560-aa05-b80fd9d85151">
      <isSynchronized>true</isSynchronized>
      <panelState type="sltp.mm.core.EditorPanelState" uuid="256ccc46-2da1-4614-a496-695e54d65c8a"/>
    </editorState>
    <rootTask type="sltp.mm.core.Task" uuid="0205e787-beaf-4408-82ae-ac665ed137ef">
      <context type="sltp.mm.core.Context" uuid="adc0af66-6b30-421b-ae15-607d7210ec44"/>
      <explicit>false</explicit>
      <name>Default</name>
      <priority>-2147483648</priority>
      <subgraph type="sltp.mm.core.Graph" uuid="4f50d116-12ad-46f6-875d-e21da367f800">
        <tasks type="sltp.mm.core.Task" uuid="46a6837d-5aa6-4e2d-9720-e0f9f78a0d33">
          <baseTask>true</baseTask>
          <context type="sltp.mm.core.Context" uuid="adc0af66-6b30-421b-ae15-607d7210ec44"/>
          <explicit>false</explicit>
          <id>1</id>
          <isTimed>true</isTimed>
          <name>Cont</name>
          <priority>40</priority>
          <rates type="sltp.mm.core.Rate" uuid="09ba10ea-c210-45a6-9b5e-862f7d0b7c43">
            <annotation>Cont</annotation>
            <color>255</color>
            <hasBlocks>true</hasBlocks>
            <rateSpec type="sltp.mm.core.RateSpec">
              <period>0.0</period>
            </rateSpec>
            <sti>0</sti>
          </rates>
          <rates type="sltp.mm.core.Rate" uuid="5bc5fcea-7cb5-4d98-ba47-1df260f4a3ac">
            <annotation>D1</annotation>
            <color>-436207361</color>
            <hasBlocks>true</hasBlocks>
            <rateSpec type="sltp.mm.core.RateSpec">
              <period>.1</period>
            </rateSpec>
            <sti>1</sti>
          </rates>
          <rates type="sltp.mm.core.Rate" uuid="e163327d-0e3c-43a1-8e03-a286974b55b3">
            <annotation>D2</annotation>
            <color>13697279</color>
            <hasBlocks>true</hasBlocks>
            <rateSpec type="sltp.mm.core.RateSpec">
              <period>.2</period>
            </rateSpec>
            <sti>2</sti>
          </rates>
          <rates type="sltp.mm.core.Rate" uuid="a483de87-3ec4-4c30-89e6-926a3238aee2">
            <annotation>D3</annotation>
            <color>52479</color>
            <hasBlocks>true</hasBlocks>
            <rateSpec type="sltp.mm.core.RateSpec">
              <period>1.0</period>
            </rateSpec>
            <sti>3</sti>
          </rates>
        </tasks>
      </subgraph>
    </rootTask>
  </sltp.mm.core.Context>
</sltp_graph>